ID_Site;ID_Prod_Meth;Species;;
AT01;AT01_Microalgae_Photobioreactors;Haematococcus pluvialis;;
AT02;AT02_Microalgae_Photobioreactors;Chlorella sp.;;
BE01;BE01_Microalgae_Photobioreactors;Chaetoceros muelleri;;
BE01;BE01_Microalgae_Photobioreactors;Diacronema lutheri;;
BE01;BE01_Microalgae_Photobioreactors;Nannochloropsis sp.;;
BE01;BE01_Microalgae_Photobioreactors;Tetraselmis chuii;;
BE01;BE01_Microalgae_Photobioreactors;Tetraselmis suecica;;
BE01;BE01_Microalgae_Photobioreactors;Thalassiosira pseudonana;;
BE01;BE01_Microalgae_Photobioreactors;Thalassiosira weissflogii;;
BE01;BE01_Microalgae_Photobioreactors;Tisochrysis lutea;;
BE02;BE02_Microalgae_Open Ponds;Thalassiosira sp.;;
CZ01;CZ01_Microalgae_Photobioreactors, Fermenters;Chlorella sp.;;
DE01;DE01_Microalgae_Open Ponds;Chlorella sp.;;
DE02;DE02_Microalgae_Photobioreactors, Fermenters;Acutodesmus sp.;;
DE02;DE02_Microalgae_Photobioreactors, Fermenters;Chlorella sp.;;
DE02;DE02_Microalgae_Photobioreactors, Fermenters;Cyanidium sp.;;
DE02;DE02_Microalgae_Photobioreactors, Fermenters;Nannochloropsis sp.;;
DE02;DE02_Microalgae_Photobioreactors, Fermenters;Porphyridium sp.;;
DE02;DE02_Microalgae_Photobioreactors, Fermenters;Scenedesmus sp.;;
DE03;DE03_Microalgae_Photobioreactors;Chlorella sp.;;
DE03;DE03_Microalgae_Photobioreactors;Haematococcus sp.;;
DE03;DE03_Microalgae_Photobioreactors;Nannochloropsis sp.;;
DE04;DE04_Microalgae_Photobioreactors;Chlorella vulgaris;;
DE04;DE04_Microalgae_Photobioreactors;Cyanidium caldarium;;
DE04;DE04_Microalgae_Photobioreactors;Haematococcus pluvialis;;
DE04;DE04_Microalgae_Photobioreactors;Nannochloropsis sp.;;
DE04;DE04_Microalgae_Photobioreactors;Phaeodactylum tricornutum;;
DE04;DE04_Microalgae_Photobioreactors;Porphyridium cruentum;;
DE04;DE04_Microalgae_Photobioreactors;Scenedesmus sp.;;
DE04;DE04_Microalgae_Photobioreactors;Tetraselmis sp.;;
DE05;DE05_Microalgae_Photobioreactors;Chlorella pyrenoidosa;;
DE05;DE05_Microalgae_Photobioreactors;Dunaliella salina;;
DE05;DE05_Microalgae_Photobioreactors;Haematococcus pluvialis;;
DE05;DE05_Microalgae_Photobioreactors;Nannochloropsis sp.;;
DE05;DE05_Microalgae_Photobioreactors;Tetraselmis sp.;;
DE05;DE05_Microalgae_Photobioreactors;Tisochrysis lutea;;
DE08;DE08_Microalgae_Photobioreactors;Chlorella sp.;;
DE10;DE10_Microalgae_Photobioreactors;Porphyridium cruentum;;
DE11;DE11_Microalgae_Photobioreactors, Open Ponds;Haematococcus pluvialis;;
DE12;DE12_Microalgae_Photobioreactors;Chlorella vulgaris;;
DE12;DE12_Microalgae_Photobioreactors;Nannochloropsis oculata;;
DE13;DE13_Microalgae_Photobioreactors;Chlorella vulgaris;;
DK01;DK01_Macroalgae_Harvesting;Chorda filum;;
DK01;DK01_Macroalgae_Harvesting;Chondrus sp.;;
DK01;DK01_Macroalgae_Harvesting;Delesseria sanguinea;;
DK01;DK01_Macroalgae_Harvesting;Fucus serratus;;
DK01;DK01_Macroalgae_Harvesting;Fucus vesiculosus;;
DK01;DK01_Macroalgae_Harvesting;Furcellaria lumbricalis;;
DK01;DK01_Macroalgae_Harvesting;Laminaria digitata;;
DK01;DK01_Macroalgae_Harvesting;Saccharina latissima;;
DK01;DK01_Macroalgae_Harvesting;Ulva sp.;;
DK02;DK02_Macroalgae_Aquaculture Offshore;Saccharina latissima;;
DK03;DK03_Macroalgae_Aquaculture Offshore IMTA;Brown seaweed;;
DK06;DK06_Macroalgae_Aquaculture Offshore, Aquaculture Coastal;Alaria esculenta;;
DK06;DK06_Macroalgae_Aquaculture Offshore, Aquaculture Coastal;Fucus serratus;;
DK06;DK06_Macroalgae_Aquaculture Offshore, Aquaculture Coastal;Fucus vesiculosus;;
DK06;DK06_Macroalgae_Aquaculture Offshore, Aquaculture Coastal;Saccharina latissima;;
DK07;DK07_Macroalgae_Harvesting;Fucus serratus;;
DK07;DK07_Macroalgae_Harvesting;Fucus vesiculosus;;
DK07;DK07_Macroalgae_Harvesting;Laminaria digitata;;
DK07;DK07_Macroalgae_Harvesting;Saccharina latissima;;
DK08;DK08_Macroalgae_Harvesting;Brown seaweed;;
DK08;DK08_Macroalgae_Harvesting;Green seaweed;;
EE01;EE01_Macroalgae_Harvesting, Pilot;Furcellaria lumbricalis;;
EE02;EE02_Microalgae_Pilot;Chlorella sp.;;
EE02;EE02_Microalgae_Pilot;Dunaliella sp.;;
EE02;EE02_Microalgae_Pilot;Haematococcus sp.;;
EE02;EE02_Microalgae_Pilot;Nannochloropsis sp.;;
EE02;EE02_Microalgae_Pilot;Scenedesmus sp.;;
EE03;EE03_Macroalgae_Harvesting;Coccotylus truncatus;;
EE03;EE03_Macroalgae_Harvesting;Furcellaria lumbricalis;;
ES01;ES01_Macroalgae_Aquaculture Offshore;Himanthalia elongata;;
ES01;ES01_Macroalgae_Aquaculture Offshore;Undaria sp.;;
ES02;ES02_Microalgae_Photobioreactors, Open Ponds;Chlorella vulgaris;;
ES02;ES02_Microalgae_Photobioreactors, Open Ponds;Nannochloropsis sp.;;
ES02;ES02_Microalgae_Photobioreactors, Open Ponds;Natural bloom;;
ES02;ES02_Microalgae_Photobioreactors, Open Ponds;Scenedesmus obliquus;;
ES04;ES04_Microalgae_Open Ponds;Dunaliella sp.;;
ES04;ES04_Microalgae_Open Ponds;Tetraselmis sp.;;
ES05;ES05_Macroalgae_Harvesting;Gelidium sesquipedale;;
ES05;ES05_Macroalgae_Harvesting;Himanthalia sp.;;
ES05;ES05_Macroalgae_Harvesting;Laminaria sp.;;
ES05;ES05_Macroalgae_Harvesting;Palmaria sp.;;
ES05;ES05_Macroalgae_Harvesting;Porphyra sp.;;
ES05;ES05_Macroalgae_Harvesting;Undaria sp.;;
ES06;ES06_Microalgae_Photobioreactors;Nannochloropsis gaditana;;
ES07;ES07_Microalgae_Photobioreactors, Fermenters, Open Ponds;Chlorella sp.;;
ES07;ES07_Microalgae_Photobioreactors, Fermenters, Open Ponds;Nannochloropsis sp.;;
ES07;ES07_Microalgae_Photobioreactors, Fermenters, Open Ponds;Scenedesmus sp.;;
ES08;ES08_Macroalgae_Harvesting;Brown seaweed;;
ES08;ES08_Macroalgae_Harvesting;Red seaweed;;
ES09;ES09_Microalgae_Photobioreactors;Isochrysis sp.;;
ES09;ES09_Microalgae_Photobioreactors;Nannochloropsis sp.;;
ES09;ES09_Microalgae_Photobioreactors;Phaeodactylum sp.;;
ES09;ES09_Microalgae_Photobioreactors;Tetraselmis sp.;;
ES10;ES10_Macroalgae_Harvesting;Himanthalia sp.;;
ES10;ES10_Macroalgae_Harvesting;Porphyra sp.;;
ES10;ES10_Macroalgae_Harvesting;Ulva sp.;;
ES10;ES10_Macroalgae_Harvesting;Undaria sp.;;
ES11;ES11_Macroalgae_Harvesting;Brown seaweed;;
ES11;ES11_Macroalgae_Harvesting;Codium sp.;;
ES11;ES11_Macroalgae_Harvesting;Ulva sp.;;
ES11;ES11_Macroalgae_Harvesting;Undaria sp.;;
ES12;ES12_Macroalgae_Aquaculture Land-based;Ulva sp.;;
ES13;ES13_Microalgae_Open Ponds;Chlorella sp.;;
ES13;ES13_Microalgae_Open Ponds;Dunaliella salina;;
ES13;ES13_Microalgae_Open Ponds;Nannochloropsis sp.;;
ES14;ES14_Microalgae_Photobioreactors, Open Ponds;Acutodesmus obliquus;;
ES14;ES14_Microalgae_Photobioreactors, Open Ponds;Botryococcus sp.;;
ES14;ES14_Microalgae_Photobioreactors, Open Ponds;Chlorella vulgaris;;
ES14;ES14_Microalgae_Photobioreactors, Open Ponds;Dunaliella salina;;
ES14;ES14_Microalgae_Photobioreactors, Open Ponds;Haematococcus pluvialis;;
ES14;ES14_Microalgae_Photobioreactors, Open Ponds;Isochrisys galbana;;
ES14;ES14_Microalgae_Photobioreactors, Open Ponds;Nannochloropsis gaditana;;
ES14;ES14_Microalgae_Photobioreactors, Open Ponds;Navicularia;;
ES14;ES14_Microalgae_Photobioreactors, Open Ponds;Phaeodactylum tricornutum;;
ES14;ES14_Microalgae_Photobioreactors, Open Ponds;Tisochrysis lutea;;
ES15;ES15_Macroalgae_Harvesting;Chondrus crispus;;
ES15;ES15_Macroalgae_Harvesting;Codium sp.;;
ES15;ES15_Macroalgae_Harvesting;Gigartina pistillata;;
ES15;ES15_Macroalgae_Harvesting;Himanthalia elongata;;
ES15;ES15_Macroalgae_Harvesting;Laminaria ochroleuca;;
ES15;ES15_Macroalgae_Harvesting;Mastocarpus stellatus;;
ES15;ES15_Macroalgae_Harvesting;Porphyra sp.;;
ES15;ES15_Macroalgae_Harvesting;Saccharina latissima;;
ES15;ES15_Macroalgae_Harvesting;Ulva sp.;;
ES15;ES15_Macroalgae_Harvesting;Undaria sp.;;
ES16;ES16_Macroalgae_Harvesting;Codium sp.;;
ES16;ES16_Macroalgae_Harvesting;Gracilaria sp.;;
ES16;ES16_Macroalgae_Harvesting;Ulva sp.;;
ES17;ES17_Macroalgae_Harvesting;Ascophyllum nodosum;;
ES17;ES17_Macroalgae_Harvesting;Bifurcaria bifurcata;;
ES17;ES17_Macroalgae_Harvesting;Fucus vesiculosus;;
ES17;ES17_Macroalgae_Harvesting;Saccharina latissima;;
ES18;ES18_Macroalgae_Pilot;Saccharina sp.;;
ES22;ES22_Macroalgae_Pilot;Saccharina sp.;;
ES19;ES19_Macroalgae_Harvesting;Himanthalia elongata;;
ES19;ES19_Macroalgae_Harvesting;Undaria sp.;;
ES20;ES20_Macroalgae_Aquaculture Offshore;Saccharina latissima;;
ES21;ES21_Macroalgae_Aquaculture Coastal;Gracilaria sp.;;
ES21;ES21_Macroalgae_Aquaculture Coastal;Ulva sp.;;
FO01;FO01_Macroalgae_Aquaculture Offshore;Alaria esculenta;;
FO01;FO01_Macroalgae_Aquaculture Offshore;Laminaria digitata;;
FO01;FO01_Macroalgae_Aquaculture Offshore;Palmaria palmata;;
FO01;FO01_Macroalgae_Aquaculture Offshore;Saccharina latissima;;
FR01;FR01_Macroalgae_Harvesting;Ascophyllum nodosum;;
FR01;FR01_Macroalgae_Harvesting;Brown seaweed;;
FR01;FR01_Macroalgae_Harvesting;Chondrus crispus;;
FR01;FR01_Macroalgae_Harvesting;Fucus sp.;;
FR01;FR01_Macroalgae_Harvesting;Laminaria digitata;;
FR01;FR01_Macroalgae_Harvesting;Ulva lactuca;;
FR03;FR03_Macroalgae_Aquaculture Offshore;Laminaria sp.;;
FR04;FR04_Macroalgae_Harvesting;Laminaria digitata;;
FR04;FR04_Macroalgae_Harvesting;Palmaria palmata;;
FR04;FR04_Macroalgae_Harvesting;Porphyra sp.;;
FR04;FR04_Macroalgae_Harvesting;Ulva lactuca;;
FR04;FR04_Macroalgae_Harvesting;Undaria sp.;;
FR05;FR05_Macroalgae_Harvesting;Alaria sp.;;
FR05;FR05_Macroalgae_Harvesting;Chondrus crispus;;
FR05;FR05_Macroalgae_Harvesting;Fucus sp.;;
FR05;FR05_Macroalgae_Harvesting;Himanthalia elongata;;
FR05;FR05_Macroalgae_Harvesting;Lithothamnium calcareum;;
FR05;FR05_Macroalgae_Harvesting;Palmaria palmata;;
FR05;FR05_Macroalgae_Harvesting;Porphyra sp.;;
FR05;FR05_Macroalgae_Harvesting;Saccharina latissima;;
FR05;FR05_Macroalgae_Harvesting;Ulva sp.;;
FR05;FR05_Macroalgae_Harvesting;Undaria sp.;;
FR06;FR06_Macroalgae_Aquaculture Coastal, Harvesting;Brown seaweed;;
FR06;FR06_Macroalgae_Aquaculture Coastal, Harvesting;Red seaweed;;
FR07;FR07_Macroalgae_Harvesting;Himanthalia elongata;;
FR07;FR07_Macroalgae_Harvesting;Palmaria palmata;;
FR07;FR07_Macroalgae_Harvesting;Porphyra sp.;;
FR07;FR07_Macroalgae_Harvesting;Saccharina latissima;;
FR07;FR07_Macroalgae_Harvesting;Ulva sp.;;
FR07;FR07_Macroalgae_Harvesting;Undaria sp.;;
FR09;FR09_Macroalgae_Harvesting;Fucus vesiculosus;;
FR09;FR09_Macroalgae_Harvesting;Himanthalia elongata;;
FR09;FR09_Macroalgae_Harvesting;Palmaria palmata;;
FR09;FR09_Macroalgae_Harvesting;Porphyra sp.;;
FR09;FR09_Macroalgae_Harvesting;Saccharina latissima;;
FR09;FR09_Macroalgae_Harvesting;Ulva lactuca;;
FR09;FR09_Macroalgae_Harvesting;Undaria sp.;;
FR10;FR10_Macroalgae_Harvesting;Himanthalia elongata;;
FR10;FR10_Macroalgae_Harvesting;Palmaria palmata;;
FR10;FR10_Macroalgae_Harvesting;Porphyra umbilicalis;;
FR10;FR10_Macroalgae_Harvesting;Saccharina latissima;;
FR10;FR10_Macroalgae_Harvesting;Ulva sp.;;
FR10;FR10_Macroalgae_Harvesting;Undaria sp.;;
FR11;FR11_Macroalgae_Aquaculture Offshore;Alaria esculenta;;
FR11;FR11_Macroalgae_Aquaculture Offshore;Saccharina latissima;;
FR11;FR11_Macroalgae_Aquaculture Offshore;Undaria sp.;;
FR12;FR12_Microalgae_Photobioreactors;Chlorella vulgaris;;
FR12;FR12_Microalgae_Photobioreactors;Haematococcus pluvialis;;
FR15;FR15_Microalgae_Photobioreactors;Chlorella vulgaris;;
FR16;FR16_Microalgae_Photobioreactors;Chlorella sp.;;
FR16;FR16_Microalgae_Photobioreactors;Nannochloropsis sp.;;
FR16;FR16_Microalgae_Photobioreactors;Porphyridium sp.;;
FR17;FR17_Macroalgae_Harvesting;Brown seaweed;;
FR17;FR17_Macroalgae_Harvesting;Himanthalia elongata;;
FR17;FR17_Macroalgae_Harvesting;Palmaria palmata;;
FR17;FR17_Macroalgae_Harvesting;Porphyra sp.;;
FR17;FR17_Macroalgae_Harvesting;Ulva sp.;;
FR17;FR17_Macroalgae_Harvesting;Undaria sp.;;
FR19;FR19_Macroalgae_Harvesting;Solieria sp.;;
FR19;FR19_Macroalgae_Harvesting;Ulva sp.;;
FR20;FR20_Macroalgae_Harvesting;Alaria esculenta;;
FR20;FR20_Macroalgae_Harvesting;Saccharina latissima;;
FR20;FR20_Macroalgae_Harvesting;Undaria sp.;;
FR21;FR21_Macroalgae_Harvesting;Chondrus crispus;;
FR21;FR21_Macroalgae_Harvesting;Fucus vesiculosus;;
FR21;FR21_Macroalgae_Harvesting;Laminaria digitata;;
FR21;FR21_Macroalgae_Harvesting;Lithothamnium calcareum;;
FR21;FR21_Macroalgae_Harvesting;Palmaria palmata;;
FR21;FR21_Macroalgae_Harvesting;Ulva lactuca;;
FR21;FR21_Macroalgae_Harvesting;Undaria sp.;;
FR22;FR22_Macroalgae_Harvesting;Ascophyllum nodosum;;
FR22;FR22_Macroalgae_Harvesting;Fucus sp.;;
FR22;FR22_Macroalgae_Harvesting;Palmaria sp.;;
FR22;FR22_Macroalgae_Harvesting;Porphyra sp.;;
FR22;FR22_Macroalgae_Harvesting;Ulva sp.;;
FR22;FR22_Macroalgae_Harvesting;Undaria sp.;;
FR23;FR23_Microalgae_Photobioreactors;Brachionus plicatilis;;
FR23;FR23_Microalgae_Photobioreactors;Chlorella vulgaris;;
FR23;FR23_Microalgae_Photobioreactors;Dunaliella salina;;
FR23;FR23_Microalgae_Photobioreactors;Isochrisys galbana;;
FR23;FR23_Microalgae_Photobioreactors;Nannochloropsis oculata;;
FR23;FR23_Microalgae_Photobioreactors;Tetraselmis suecica;;
FR24;FR24_Macroalgae_Harvesting;Sargassum sp.;;
FR24;FR24_Macroalgae_Harvesting;Solieria sp.;;
FR24;FR24_Macroalgae_Harvesting;Ulva sp.;;
FR25;FR25_Macroalgae_Harvesting;Ascophyllum sp.;;
FR25;FR25_Macroalgae_Harvesting;Asparagopsis armata;;
FR25;FR25_Macroalgae_Harvesting;Chondrus sp.;;
FR25;FR25_Macroalgae_Harvesting;Corallina sp.;;
FR25;FR25_Macroalgae_Harvesting;Fucus sp.;;
FR25;FR25_Macroalgae_Harvesting;Himanthalia sp.;;
FR25;FR25_Macroalgae_Harvesting;Laminaria sp.;;
FR25;FR25_Macroalgae_Harvesting;Palmaria sp.;;
FR25;FR25_Macroalgae_Harvesting;Pelvetia sp.;;
FR25;FR25_Macroalgae_Harvesting;Ulva sp.;;
FR26;FR26_Macroalgae_Aquaculture Offshore, Harvesting;Ulva rigida;;
HU01;HU01_Microalgae_Photobioreactors;Klebsormidium bilatum;;
HU01;HU01_Microalgae_Photobioreactors;Neochloris conjuncta;;
HU01;HU01_Microalgae_Photobioreactors;Scenedesmus obtusiusculus;;
IC01;IC01_Microalgae_Photobioreactors;Haematococcus pluvialis;;
IC02;IC02_Macroalgae_Harvesting;Ascophyllum nodosum;;
IC02;IC02_Macroalgae_Harvesting;Laminaria digitata;;
IC03;IC03_Microalgae_Photobioreactors;Haematococcus pluvialis;;
IE01;IE01_Macroalgae_Harvesting;Alaria esculenta;;
IE01;IE01_Macroalgae_Harvesting;Chondrus crispus;;
IE01;IE01_Macroalgae_Harvesting;Himanthalia elongata;;
IE01;IE01_Macroalgae_Harvesting;Laminaria digitata;;
IE01;IE01_Macroalgae_Harvesting;Palmaria palmata;;
IE01;IE01_Macroalgae_Harvesting;Porphyra umbilicalis;;
IE01;IE01_Macroalgae_Harvesting;Ulva sp.;;
IE03;IE03_Macroalgae_Harvesting;Ascophyllum nodosum;;
IE05;IE05_Macroalgae_Harvesting;Brown seaweed;;
IE06;IE06_Macroalgae_Harvesting;Fucus vesiculosus;;
IE07;IE07_Macroalgae_Harvesting;Brown seaweed;;
IE07;IE07_Macroalgae_Harvesting;Green seaweed;;
IE07;IE07_Macroalgae_Harvesting;Red seaweed;;
IE08;IE08_Macroalgae_Harvesting;Ascophyllum nodosum;;
IE09;IE09_Macroalgae_Harvesting;Ascophyllum nodosum;;
IE09;IE09_Macroalgae_Harvesting;Chondrus crispus;;
IE09;IE09_Macroalgae_Harvesting;Fucus serratus;;
IE09;IE09_Macroalgae_Harvesting;Fucus vesiculosus;;
IE09;IE09_Macroalgae_Harvesting;Laminaria digitata;;
IE12;IE12_Macroalgae_Harvesting;Alaria esculenta;;
IE12;IE12_Macroalgae_Harvesting;Chondrus crispus;;
IE12;IE12_Macroalgae_Harvesting;Himanthalia elongata;;
IE12;IE12_Macroalgae_Harvesting;Laminaria digitata;;
IE12;IE12_Macroalgae_Harvesting;Palmaria palmata;;
IE12;IE12_Macroalgae_Harvesting;Saccharina latissima;;
IE12;IE12_Macroalgae_Harvesting;Ulva lactuca;;
IE13;IE13_Macroalgae_Aquaculture Land-based;Alaria sp.;;
IE13;IE13_Macroalgae_Aquaculture Land-based;Asparagopsis sp.;;
IE13;IE13_Macroalgae_Aquaculture Land-based;Falkenbergia sp.;;
IE13;IE13_Macroalgae_Aquaculture Land-based;Gracilaria sp.;;
IE13;IE13_Macroalgae_Aquaculture Land-based;Ulva sp.;;
IE19;IE19_Macroalgae_Aquaculture Offshore;Alaria sp.;;
IE19;IE19_Macroalgae_Aquaculture Offshore;Asparagopsis sp.;;
IE19;IE19_Macroalgae_Aquaculture Offshore;Falkenbergia sp.;;
IE19;IE19_Macroalgae_Aquaculture Offshore;Gracilaria sp.;;
IE19;IE19_Macroalgae_Aquaculture Offshore;Ulva sp.;;
IE20;IE20_Macroalgae_Aquaculture Offshore;Alaria sp.;;
IE20;IE20_Macroalgae_Aquaculture Offshore;Asparagopsis sp.;;
IE20;IE20_Macroalgae_Aquaculture Offshore;Falkenbergia sp.;;
IE20;IE20_Macroalgae_Aquaculture Offshore;Gracilaria sp.;;
IE20;IE20_Macroalgae_Aquaculture Offshore;Ulva sp.;;
IE14;IE14_Macroalgae_Harvesting;Fucus serratus;;
IE14;IE14_Macroalgae_Harvesting;Fucus vesiculosus;;
IE14;IE14_Macroalgae_Harvesting;Himanthalia elongata;;
IE14;IE14_Macroalgae_Harvesting;Laminaria digitata;;
IE15;IE15_Macroalgae_Harvesting;Laminaria digitata;;
IE15;IE15_Macroalgae_Harvesting;Palmaria palmata;;
IE15;IE15_Macroalgae_Harvesting;Saccharina latissima;;
IE17;IE17_Macroalgae_Harvesting;Alaria esculenta;;
IE17;IE17_Macroalgae_Harvesting;Chondrus crispus;;
IE17;IE17_Macroalgae_Harvesting;Himanthalia elongata;;
IE17;IE17_Macroalgae_Harvesting;Laminaria digitata;;
IE17;IE17_Macroalgae_Harvesting;Palmaria palmata;;
IE18;IE18_Macroalgae_Harvesting;Ascophyllum nodosum;;
IT01;IT01_Microalgae_Photobioreactors;Haematococcus pluvialis;;
IT03;IT03_Microalgae_Photobioreactors, Open Ponds;Isochrysis sp.;;
IT03;IT03_Microalgae_Photobioreactors, Open Ponds;Nannochloropsis sp.;;
IT03;IT03_Microalgae_Photobioreactors, Open Ponds;Phaeodactylum sp.;;
IT03;IT03_Microalgae_Photobioreactors, Open Ponds;Tetraselmis sp.;;
IT04;IT04_Microalgae_Photobioreactors;Chlorella sp.;;
IT04;IT04_Microalgae_Photobioreactors;Haematococcus sp.;;
IT05;IT05_Microalgae_Photobioreactors;Chlorella sp.;;
IT05;IT05_Microalgae_Photobioreactors;Haematococcus sp.;;
IT06;IT06_Microalgae_Photobioreactors;Chlorella vulgaris;;
IT06;IT06_Microalgae_Photobioreactors;Dunaliella salina;;
IT06;IT06_Microalgae_Photobioreactors;Euglena gracilis;;
IT06;IT06_Microalgae_Photobioreactors;Haematococcus pluvialis;;
IT06;IT06_Microalgae_Photobioreactors;Phaeodactylum tricornutum;;
IT06;IT06_Microalgae_Photobioreactors;Porphyridium cruentum;;
IT06;IT06_Microalgae_Photobioreactors;Porphyridium rubrum;;
IT07;IT07_Microalgae_Photobioreactors;Chlorella vulgaris;;
IT07;IT07_Microalgae_Photobioreactors;Dunaliella salina;;
IT07;IT07_Microalgae_Photobioreactors;Euglena gracilis;;
IT07;IT07_Microalgae_Photobioreactors;Haematococcus pluvialis;;
IT07;IT07_Microalgae_Photobioreactors;Phaeodactylum tricornutum;;
IT07;IT07_Microalgae_Photobioreactors;Porphyridium cruentum;;
IT07;IT07_Microalgae_Photobioreactors;Porphyridium rubrum;;
NL01;NL01_Microalgae_Photobioreactors, Open Ponds;Haematococcus pluvialis;;
NL01;NL01_Microalgae_Photobioreactors, Open Ponds;Isochrysis sp.;;
NL01;NL01_Microalgae_Photobioreactors, Open Ponds;Nannochloropsis sp.;;
NL01;NL01_Microalgae_Photobioreactors, Open Ponds;Tetraselmis sp.;;
NL02;NL02_Microalgae_Photobioreactors;Isochrisys galbana;;
NL02;NL02_Microalgae_Photobioreactors;Nannochloropsis oculata;;
NL02;NL02_Microalgae_Photobioreactors;Pavlova pinguis;;
NL02;NL02_Microalgae_Photobioreactors;Tetraselmis suecica;;
NL03;NL03_Microalgae_Photobioreactors, Fermenters, Semi Open Ponds;Chlorella sp.;;
NL03;NL03_Microalgae_Photobioreactors, Fermenters, Semi Open Ponds;Nannochloropsis sp.;;
NL03;NL03_Microalgae_Photobioreactors, Fermenters, Semi Open Ponds;Tetraselmis sp.;;
NL04;NL04_Macroalgae_Aquaculture Land-based;Alaria esculenta;;
NL04;NL04_Macroalgae_Aquaculture Land-based;Palmaria palmata;;
NL04;NL04_Macroalgae_Aquaculture Land-based;Saccharina latissima;;
NL05;NL05_Macroalgae_Harvesting;Palmaria palmata;;
NL05;NL05_Macroalgae_Harvesting;Undaria sp.;;
NL06;NL06_Microalgae_Photobioreactors;Chlorella sorokiniana;;
NL06;NL06_Microalgae_Photobioreactors;Chlorella vulgaris;;
NL07;NL07_Macroalgae_Aquaculture Offshore;Saccharina latissima;;
NL08;NL08_Macroalgae_Aquaculture Coastal;Alaria esculenta;;
NL08;NL08_Macroalgae_Aquaculture Coastal;Saccharina latissima;;
NL08;NL08_Macroalgae_Aquaculture Coastal;Ulva sp.;;
NL08;NL08_Macroalgae_Aquaculture Coastal;Undaria sp.;;
NO01;NO01_Macroalgae_Harvesting;Ascophyllum nodosum;;
NO02;NO02_Macroalgae_Aquaculture Offshore;Saccharina latissima;;
NO03;NO03_Macroalgae_Aquaculture Offshore;Saccharina latissima;;
NO05;NO05_Microalgae_Photobioreactors;Prasinococcus capsulatus;;
NO06;NO06_Macroalgae_Aquaculture Offshore IMTA;Alaria esculenta;;
NO06;NO06_Macroalgae_Aquaculture Offshore IMTA;Laminaria digitata;;
NO06;NO06_Macroalgae_Aquaculture Offshore IMTA;Palmaria palmata;;
NO06;NO06_Macroalgae_Aquaculture Offshore IMTA;Saccharina latissima;;
NO06;NO06_Macroalgae_Aquaculture Offshore IMTA;Ulva lactuca;;
NO07;NO07_Macroalgae_Aquaculture Offshore;Alaria esculenta;;
NO07;NO07_Macroalgae_Aquaculture Offshore;Laminaria sp.;;
NO08;NO08_Macroalgae_Aquaculture Offshore;Alaria esculenta;;
NO08;NO08_Macroalgae_Aquaculture Offshore;Saccharina latissima;;
NO09;NO09_Macroalgae_Aquaculture Coastal;Alaria esculenta;;
NO09;NO09_Macroalgae_Aquaculture Coastal;Saccharina latissima;;
NO10;NO10_Macroalgae_Harvesting;Laminaria hyperborea;;
NO11;NO11_Macroalgae_Harvesting;Ascophyllum nodosum;;
NO12;NO12_Macroalgae_Aquaculture Offshore;Fucus vesiculosus;;
NO12;NO12_Macroalgae_Aquaculture Offshore;Laminaria digitata;;
NO12;NO12_Macroalgae_Aquaculture Offshore;Saccharina latissima;;
NO13;NO13_Macroalgae_Harvesting;Alaria esculenta;;
NO13;NO13_Macroalgae_Harvesting;Ascophyllum nodosum;;
NO13;NO13_Macroalgae_Harvesting;Chondrus crispus;;
NO13;NO13_Macroalgae_Harvesting;Fucus serratus;;
NO13;NO13_Macroalgae_Harvesting;Fucus vesiculosus;;
NO13;NO13_Macroalgae_Harvesting;Laminaria digitata;;
NO13;NO13_Macroalgae_Harvesting;Palmaria palmata;;
NO13;NO13_Macroalgae_Harvesting;Saccharina latissima;;
NO13;NO13_Macroalgae_Harvesting;Ulva sp.;;
NO13;NO13_Macroalgae_Harvesting;Ulva lactuca;;
NO13;NO13_Macroalgae_Harvesting;Vertebrata lanosa;;
NO14;NO14_Macroalgae_Aquaculture Coastal;Alaria marginata;;
NO14;NO14_Macroalgae_Aquaculture Coastal;Saccharina latissima;;
PT01;PT01_Macroalgae_Aquaculture Land-based IMTA;Codium tomentosum;;
PT01;PT01_Macroalgae_Aquaculture Land-based IMTA;Gracilaria gracilis;;
PT01;PT01_Macroalgae_Aquaculture Land-based IMTA;Palmaria palmata;;
PT01;PT01_Macroalgae_Aquaculture Land-based IMTA;Porphyra dioica;;
PT01;PT01_Macroalgae_Aquaculture Land-based IMTA;Porphyra umbilicalis;;
PT01;PT01_Macroalgae_Aquaculture Land-based IMTA;Ulva rigida;;
PT02;PT02_Microalgae_Photobioreactors;Haematococcus pluvialis;;
PT03;PT03_Microalgae_Photobioreactors, Fermenters;Chlorella vulgaris;;
PT03;PT03_Microalgae_Photobioreactors, Fermenters;Nannochloropsis sp.;;
PT03;PT03_Microalgae_Photobioreactors, Fermenters;Phaeodactylum tricornutum;;
PT03;PT03_Microalgae_Photobioreactors, Fermenters;Scenedesmus sp.;;
PT03;PT03_Microalgae_Photobioreactors, Fermenters;Tetraselmis sp.;;
PT05;PT05_Microalgae_Photobioreactors;Chlorella sp.;;
PT05;PT05_Microalgae_Photobioreactors;Nannochloropsis sp.;;
PT05;PT05_Microalgae_Photobioreactors;Tetraselmis sp.;;
PT13;PT13_Microalgae_Pilot;Chlorella sp.;;
PT13;PT13_Microalgae_Pilot;Nannochloropsis sp.;;
PT13;PT13_Microalgae_Pilot;Tetraselmis sp.;;
PT06;PT06_Microalgae_Photobioreactors;Chaetoceros sp.;;
PT06;PT06_Microalgae_Photobioreactors;Nannochloropsis sp.;;
PT06;PT06_Microalgae_Photobioreactors;Phaeodactylum sp.;;
PT06;PT06_Microalgae_Photobioreactors;Porphyridium sp.;;
PT06;PT06_Microalgae_Photobioreactors;Skeletonema sp.;;
PT06;PT06_Microalgae_Photobioreactors;Tetraselmis sp.;;
PT06;PT06_Microalgae_Photobioreactors;Tisochrysis lutea;;
PT07;PT07_Macroalgae_Harvesting;Asparagopsis armata;;
PT07;PT07_Macroalgae_Harvesting;Asparagopsis taxiformis;;
PT07;PT07_Macroalgae_Harvesting;Cystoseira abies-marina;;
PT07;PT07_Macroalgae_Harvesting;Cystoseira humilis;;
PT07;PT07_Macroalgae_Harvesting;Fucus spiralis;;
PT07;PT07_Macroalgae_Harvesting;Halopteris scoparia;;
PT07;PT07_Macroalgae_Harvesting;Osmundea pinnatifida;;
PT07;PT07_Macroalgae_Harvesting;Petalonia binghamiae;;
PT07;PT07_Macroalgae_Harvesting;Porphyra umbilicalis;;
PT07;PT07_Macroalgae_Harvesting;Pterocladiella capillacea;;
PT07;PT07_Macroalgae_Harvesting;Sargassum vulgare;;
PT07;PT07_Macroalgae_Harvesting;Ulva intestinalis;;
PT07;PT07_Macroalgae_Harvesting;Ulva rigida;;
PT07;PT07_Macroalgae_Harvesting;Zonaria tournefortii;;
PT09;PT09_Macroalgae_Harvesting;Asparagopsis taxiformis;;
PT09;PT09_Macroalgae_Harvesting;Halopteris scoparia;;
PT09;PT09_Macroalgae_Harvesting;Ulva sp.;;
PT14;PT14_Macroalgae_Aquaculture Land-based;Asparagopsis taxiformis;;
PT14;PT14_Macroalgae_Aquaculture Land-based;Halopteris scoparia;;
PT14;PT14_Macroalgae_Aquaculture Land-based;Ulva sp.;;
PT10;PT10_Microalgae_Photobioreactors, Open Ponds;Dunaliella sp.;;
PT10;PT10_Microalgae_Photobioreactors, Open Ponds;Nannochloropsis sp.;;
PT10;PT10_Microalgae_Photobioreactors, Open Ponds;Odontella sp.;;
PT10;PT10_Microalgae_Photobioreactors, Open Ponds;Tetraselmis sp.;;
SE01;SE01_Macroalgae_Harvesting;Brown seaweed;;
SE01;SE01_Macroalgae_Harvesting;Green seaweed;;
SE01;SE01_Macroalgae_Harvesting;Red seaweed;;
SE02;SE02_Macroalgae_Aquaculture Coastal;Laminaria digitata;;
SE02;SE02_Macroalgae_Aquaculture Coastal;Saccharina latissima;;
SE02;SE02_Macroalgae_Aquaculture Coastal;Ulva lactuca;;
SE05;SE05_Macroalgae_Aquaculture Land-based;Laminaria digitata;;
SE05;SE05_Macroalgae_Aquaculture Land-based;Saccharina latissima;;
SE05;SE05_Macroalgae_Aquaculture Land-based;Ulva lactuca;;
SE03;SE03_Microalgae_Photobioreactors;Phaeodactylum tricornutum;;
SE04;SE04_Microalgae_Photobioreactors;Diatoms;;
UK02;UK02_Macroalgae_Harvesting;Alaria esculenta;;
UK02;UK02_Macroalgae_Harvesting;Himanthalia elongata;;
UK02;UK02_Macroalgae_Harvesting;Laminaria digitata;;
UK02;UK02_Macroalgae_Harvesting;Osmundea pinnatifida;;
UK02;UK02_Macroalgae_Harvesting;Palmaria palmata;;
UK02;UK02_Macroalgae_Harvesting;Porphyra sp.;;
UK02;UK02_Macroalgae_Harvesting;Saccharina latissima;;
UK02;UK02_Macroalgae_Harvesting;Ulva sp.;;
UK03;UK03_Macroalgae_Harvesting;Ascophyllum nodosum;;
UK04;UK04_Macroalgae_Aquaculture Offshore;Brown seaweed;;
UK04;UK04_Macroalgae_Aquaculture Offshore;Saccharina latissima;;
UK04;UK04_Macroalgae_Aquaculture Offshore;Undaria sp.;;
UK05;UK05_Macroalgae_Harvesting;Brown seaweed;;
UK05;UK05_Macroalgae_Harvesting;Chondrus sp.;;
UK05;UK05_Macroalgae_Harvesting;Fucus vesiculosus;;
UK05;UK05_Macroalgae_Harvesting;Palmaria palmata;;
UK05;UK05_Macroalgae_Harvesting;Ulva sp.;;
UK06;UK06_Macroalgae_Harvesting;Laminaria digitata;;
UK06;UK06_Macroalgae_Harvesting;Palmaria palmata;;
UK06;UK06_Macroalgae_Harvesting;Saccharina latissima;;
UK08;UK08_Macroalgae_Harvesting;Alaria esculenta;;
UK08;UK08_Macroalgae_Harvesting;Chondrus sp.;;
UK08;UK08_Macroalgae_Harvesting;Himanthalia elongata;;
UK08;UK08_Macroalgae_Harvesting;Laminaria digitata;;
UK08;UK08_Macroalgae_Harvesting;Palmaria palmata;;
UK08;UK08_Macroalgae_Harvesting;Porphyra umbilicalis;;
UK08;UK08_Macroalgae_Harvesting;Saccharina latissima;;
UK08;UK08_Macroalgae_Harvesting;Ulva sp.;;
UK09;UK09_Macroalgae_Harvesting;Chondrus sp.;;
UK09;UK09_Macroalgae_Harvesting;Himanthalia sp.;;
UK09;UK09_Macroalgae_Harvesting;Palmaria sp.;;
UK09;UK09_Macroalgae_Harvesting;Saccharina sp.;;
UK09;UK09_Macroalgae_Harvesting;Ulva sp.;;
UK10;UK10_Microalgae_Fermenters;Chlorella vulgaris;;
EXTRA01;EXTRA01_Macroalgae_Harvesting;;;
EXTRA02;EXTRA02_Macroalgae_Harvesting, Aquaculture;;;
EXTRA03;EXTRA03_Macroalgae_Aquaculture;;;
EXTRA04;EXTRA04_Macroalgae_Harvesting;;;
EXTRA05;EXTRA05_Macroalgae_Harvesting;;;
EXTRA06;EXTRA06_Macroalgae_Harvesting;;;
EXTRA07;EXTRA07_Macroalgae_Harvesting;;;
EXTRA08;EXTRA08_Macroalgae_Harvesting, Aquaculture;;;
EXTRA09;EXTRA09_Macroalgae_Harvesting;;;