Magasin;Type;Enseigne;Adresse Google;Département;Types d'algues;Marques;map_address;map_postcode;map_city;map_website;map_latitude;map_longitude;map_openclose
Biocoop l'Epine Vinette;Magasin bio;Biocoop;Zone commerciale Sud, 230 Rue des Couteliers, 05100 Briançon;05 Hautes-Alpes;Algues déshydratées,Algues transformées;Aoré;230 Rue des Couteliers;05100;Briançon;https://www.biocoop-epinevinette.com/;44.8847549;6.6261438;open
Biocoop Le Grenier Daudet;Magasin bio;Biocoop;3 Rue Alphonse Daudet, 05000 Gap;05 Hautes-Alpes;;;3 Rue Alphonse Daudet;05000;Gap;https://www.biocooplegrenier.fr/;44.5491825;6.0655312;open
Biocoop Méditerranée;Magasin bio;Biocoop;609 Rte de la Roquette, 06250 Mougins;06 Alpes-Maritimes;Algues déshydratées,Algues transformées;Aoré;609 Route de la Roquette;06250;Mougins;https://mougins.biocoop.net/;43.6122033;6.9718438;open
Bio c' Bon Marseille Blancarde;Magasin bio;Bio c' Bon;17 Bd de la Blancarde, 13004 Marseille;13 Bouches-du-Rhône;;;17 Boulevard de la Blancarde;13004;Marseille;https://www.bio-c-bon.eu/magasin/bio-c-bon-marseille-blancarde;43.3027757;5.3979357;open
Bio c' Bon Marseille Cours Julien;Magasin bio;Bio c' Bon;85 Cr Julien, 13006 Marseille;13 Bouches-du-Rhône;;;85 Cours Julien;13006;Marseille;https://www.bio-c-bon.eu/magasin/bio-c-bon-marseille-cours-julien;43.2926530;5.3840999;open
Bio c' Bon Marseille Mazargues;Magasin bio;Bio c' Bon;3-5 Av. de Mazargues, 13008 Marseille;13 Bouches-du-Rhône;;;3-5 Avenue de Mazargues;13008;Marseille;https://www.bio-c-bon.eu/magasin/bio-c-bon-marseille-mazargues;43.2675787;5.3893081;open
Bio&Co Marseille;Magasin bio;Bio&Co;201 Av. de Mazargues, 13008 Marseille;13 Bouches-du-Rhône;;;201 Avenue de Mazargues;13008;Marseille;https://www.bioandco.bio/magasins/marseille-2/;43.2648571;5.3919846;open
Biocoop Castellane;Magasin bio;Biocoop;87 Rue d'Italie, 13006 Marseille;13 Bouches-du-Rhône;;;87 Rue d'Italie;13006;Marseille;https://www.biocoopcastellane.fr/;43.2873860;5.3839215;open
Biocoop Chave;Magasin bio;Biocoop;103 Rue du Camas, 13005 Marseille;13 Bouches-du-Rhône;;;103 Rue du Camas;13005;Marseille;https://www.biocoopchave.fr/;43.2958663;5.3961985;open
Les Comptoirs de la Bio Marseille;Magasin bio;Les Comptoirs de la Bio;170 Bd du Redon, 13009 Marseille;13 Bouches-du-Rhône;;;170 Boulevard du Redon;13009;Marseille;https://magasins.lescomptoirsdelabio.fr/fr/les-comptoirs-de-la-bio-marseille-105422;43.2521208;5.4209692;open
Naturalia Marseille Vieux Port;Magasin bio;Naturalia;20 La Canebière, 13001 Marseille;13 Bouches-du-Rhône;;;20 La Canebière;13001;Marseille;https://magasins.naturalia.fr/naturalia/fr/store/france/provence-alpes-cote-d-azur/bouches-du-rhone/marseille/marseille-vieux-port/4040;43.2958304;5.3765240;open
Naturalia Marseille Thiers;Magasin bio;Naturalia;140 La Canebière, 13001 Marseille;13 Bouches-du-Rhône;;;140 La Canebière;13001;Marseille;https://magasins.naturalia.fr/naturalia/fr/store/france/provence-alpes-cote-d-azur/bouches-du-rhone/marseille/marseille-thiers/3969;43.2983533;5.3838834;open
Naturalia Marseille Saint Barnabé;Magasin bio;Naturalia;30 Rue des Électriciens, 13012 Marseille;13 Bouches-du-Rhône;;;30 Rue des Électriciens;13012;Marseille;https://magasins.naturalia.fr/naturalia/fr/store/france/provence-alpes-cote-d-azur/bouches-du-rhone/marseille/marseille-saint-barnabe/3967;43.3045065;5.4176561;open
Naturalia Marseille Lodi;Magasin bio;Naturalia;83 Rue de Lodi, 13006 Marseille;13 Bouches-du-Rhône;;;83 Rue de Lodi;13006;Marseille;https://magasins.naturalia.fr/naturalia/fr/store/france/provence-alpes-cote-d-azur/bouches-du-rhone/marseille/marseille-lodi/3913;43.2889019;5.3878600;open
Naturalia Marseille Saint Sébastien;Magasin bio;Naturalia;46 Av. du Prado, 13006 Marseille;13 Bouches-du-Rhône;;;46 Avenue du Prado;13006;Marseille;https://magasins.naturalia.fr/naturalia/fr/store/france/provence-alpes-cote-d-azur/bouches-du-rhone/marseille/marseille-saintsebastien/3872;43.2834575;5.3847350;open
Naturalia Marseille République;Magasin bio;Naturalia;75 Rue de la République, 13002 Marseille;13 Bouches-du-Rhône;;;75 Rue de la République;13002;Marseille;;43.3018628;5.3694011;closed
Naturalia Marseille Rome;Magasin bio;Naturalia;44 Rue de Rome, 13001 Marseille;13 Bouches-du-Rhône;;;44 Rue de Rome;13001;Marseille;https://magasins.naturalia.fr/naturalia/fr/store/france/provence-alpes-cote-d-azur/bouches-du-rhone/marseille/marseille-rome/4042;43.2937080;5.3791470;open
So.bio Cognac;Magasin bio;So.bio;Rue Pierre Latecoere, 16100 Châteaubernard;16 Charente;Algues déshydratées,Algues transformées;Aoré;Rue Pierre Latecoere;16100;Châteaubernard;https://www.sobio.fr/magasin/so-bio-cognac;45.6763565;-0.3079072;open
Aytré Primeur;Autre;;11 Rue de la Gare, 17440 Aytré;17 Charente-Maritime;Algues déshydratées,Algues transformées;Aoré;11 Rue de la Gare;17440;Aytré;https://www.facebook.com/p/Aytr%C3%A9-primeur-100063497476012/?locale=fr_FR;46.1337328;-1.1132292;open
Biocoop du Pays Santon;Magasin bio;Biocoop;2 Rue de Gatérat, 17100 Saintes;17 Charente-Maritime;Algues déshydratées,Algues transformées;Aoré;2 Rue de Gatérat;17100;Saintes;https://www.biocoopdupayssanton.fr/;45.7457035;-0.6862602;open
Biocoop L'Île Au Bio - Ars-en-Ré;Magasin bio;Biocoop;11 Rte de Saint-Clément, 17590 Ars-en-Ré;17 Charente-Maritime;Algues déshydratées,Algues transformées;Aoré,Marinöe;11 Route de Saint-Clément;17590;Ars-en-Ré;https://www.biocoop-iledere.fr/;46.2058467;-1.5203535;open
Biocoop L'Île Au Bio - Saint-Martin-de-Ré;Magasin bio;Biocoop;4 Av. des Corsaires, 17410 Saint-Martin-de-Ré;17 Charente-Maritime;Algues déshydratées,Algues transformées;Aoré,Marinöe;4 Avenue des Corsaires;17410;Saint-Martin-de-Ré;https://www.biocoop-iledere.fr/;46.1977821;-1.3523663;open
Biocoop Regain Nord;Magasin bio;Biocoop;27 Av. de Lagord Vendôme, 17140 Lagord;17 Charente-Maritime;Algues déshydratées,Algues transformées;Aoré;27 Avenue de Lagord Vendôme;17140;Lagord;https://larochelle-nord.biocoop.net/;46.1744949;-1.1603304;open
Biocoop Regain Sud;Magasin bio;Biocoop;Zac Des Fourneaux, Rue Albert Denis, 17690 Angoulins;17 Charente-Maritime;Algues déshydratées,Algues transformées;Aoré,Marinöe;Rue Albert Denis;17690;Angoulins;https://larochelle-sud.biocoop.net/;46.1049250;-1.0995914;open
Biocoop Royan Lavoisier;Magasin bio;Biocoop;24 Rue Antoine-Laurent de Lavoisier, 17200 Royan;17 Charente-Maritime;Algues déshydratées,Algues transformées;Aoré;24 Rue Antoine-Laurent de Lavoisier;17200;Royan;https://www.biocoop-royan.com/;45.6316613;-0.9878710;open
Biomonde La Rochelle;Magasin bio;Biomonde;10 Rue de Quatrefages, 17000 La Rochelle;17 Charente-Maritime;Algues déshydratées,Algues transformées;Aoré,Marinöe;10 Rue de Quatrefages;17000;La Rochelle;https://magasins.biomonde.fr/nouvelle-aquitaine/charente-maritime/la-rochelle/biomonde-la-rochelle-52;46.1626878;-1.1818617;open
Carrefour City La Rochelle Scierie;Grande ou moyenne surface;Carrefour;33 Rue de la Scierie, 17000 La Rochelle;17 Charente-Maritime;Algues déshydratées,Algues transformées;Aoré;33 Rue de la Scierie;17000;La Rochelle;https://www.carrefour.fr/magasin/city-la-rochelle-scierie;46.1486150;-1.1533005;open
Carrefour City La Rochelle Motte Rouge;Grande ou moyenne surface;Carrefour;9pl D/L Motte Rouge, 17000 La Rochelle;17 Charente-Maritime;Algues déshydratées,Algues transformées;Aoré;9 Place du Commandant de la Motte Rouge;17000;La Rochelle;https://www.carrefour.fr/magasin/city-la-rochelle-motte-rouge;46.1557260;-1.1483750;open
Carrefour City Lagord;Grande ou moyenne surface;Carrefour;41 Av. des Oiseaux de Mer, 17140 Lagord;17 Charente-Maritime;Algues déshydratées,Algues transformées;Aoré;41 Avenue des Oiseaux de Mer;17140;Lagord;https://www.carrefour.fr/magasin/city-lagord;46.1842675;-1.1558612;open
Colibri Angoulins;Magasin bio;Colibri;17 Rue Albert Denis, 17690 Angoulins;17 Charente-Maritime;Algues déshydratées,Algues transformées;Aoré,Marinöe;17 Rue Albert Denis;17690;Angoulins;https://www.facebook.com/larochellebio/?locale=fr_FR;46.1049250;-1.0995914;open
Colibri Puilboreau;Magasin bio;Colibri;13 Rue du 14 Juillet, 17138 Puilboreau;17 Charente-Maritime;Algues déshydratées,Algues transformées;Aoré,Marinöe;13 Rue du 14 Juillet;17138;Puilboreau;https://www.facebook.com/larochellebio/?locale=fr_FR;46.1733080;-1.1181054;open
Colibri Rochefort;Magasin bio;Colibri;19 Rue des Pêcheurs d'Islande, 17300 Rochefort;17 Charente-Maritime;Algues déshydratées,Algues transformées;Aoré,Marinöe;95 Rue des Pêcheurs d'Islande;17300;Rochefort;https://www.facebook.com/rochefortbio/?locale=fr_FR;45.9461297;-0.9851104;open
Food Asie;Épicerie asiatique;;3 Rue Gaspard Monge, 17000 La Rochelle;17 Charente-Maritime;;;3 Rue Gaspard Monge;17000;La Rochelle;https://www.foodasie17.com/;46.1541103;-1.1177586;open
Intermarché Super Saint-Martin-de-Ré;Grande ou moyenne surface;Intermarché;Z.A. La Croix Michaud - Rue des Caillotières, 17630 La Flotte;17 Charente-Maritime;Algues déshydratées,Algues transformées;Aoré;4 Avenue des Corsaires;17410;Saint-Martin-de-Ré;https://www.intermarche.com/magasins/09285/saint-martin-de-re-17410/infos-pratiques?srsltid=AfmBOorTcMf3H2FJKkZlNeirGAShOTZeS54f1Z1LmCMToswRVD1VcP8T;46.1977821;-1.3523663;open
Intermarché Super La Rochelle;Grande ou moyenne surface;Intermarché;Rue Rue du Château, 17000 La Rochelle;17 Charente-Maritime;;Aoré;Rue du Château;17000;La Rochelle;https://www.intermarche.com/magasins/01011/la-rochelle-17000/infos-pratiques?srsltid=AfmBOooX3nJovM_SNXjKi9_tIOJBkqnK_qC53JAF-OJ5h4iJJuyjeCJP;46.1742321;-1.1462034;open
L'épicerie de l’Ile de Ré;Épicerie fine;;3 Rue Baron de Chantal, 17410 Saint-Martin-de-Ré;17 Charente-Maritime;Algues déshydratées,Algues transformées;Aoré;3 Rue Baron de Chantal;17410;Saint-Martin-de-Ré;https://epicerie-iledere.com/;46.2047660;-1.3672776;open
La belle îloise La Rochelle Cours des Dames;Épicerie fine;;1 Cr des Dames, 17000 La Rochelle;17 Charente-Maritime;;;1 Cours des Dames;17000;La Rochelle;https://www.labelleiloise.fr/fr/magasin/5030-la-rochelle?srsltid=AfmBOorvNkS-7XxmrhHPFh0pYAuk20NPHUugW-XCpDZ6fCPN8tpzttcC;46.1570748;-1.1538082;open
La belle îloise La Rochelle Rue du Temple;Épicerie fine;;25 Rue du Temple, 17000 La Rochelle;17 Charente-Maritime;;;25 Rue du Temple;17000;La Rochelle;https://www.labelleiloise.fr/fr/magasin/5058-la-rochelle?srsltid=AfmBOoqrsB3c0LLa7hjvIcxRJ4Z7zsrqUVllKgWOgHw1shLqhzMCMnj4;46.1586695;-1.1527804;open
La ferme des producteurs Ré-Unis;Magasin de producteurs;;Chemin des Guignardes, 17580 Le Bois-Plage-en-Ré;17 Charente-Maritime;Algues déshydratées,Algues transformées;Aoré;Chemin des Guignardes;17580;Le Bois-Plage-en-Ré;https://www.facebook.com/lafermedesproducteursreunis/?locale=fr_FR;46.1821405;-1.3813946;open
La Roch'Coop ;Magasin bio;;9 Pl. Charles de Gaulle, 17138 Puilboreau;17 Charente-Maritime;Algues déshydratées,Algues transformées;Aoré;9 Place Charles de Gaulle;17138;Puilboreau;https://larochcoop.fr/;46.1858828;-1.1176876;open
La Vie Claire Saintes;Magasin bio;La Vie Claire;13 Av. Gambetta, 17100 Saintes;17 Charente-Maritime;Algues déshydratées,Algues transformées;Aoré;13 Avenue Gambetta;17100;Saintes;https://www.lavieclairesaintes.com/;45.7469625;-0.6277477;open
La Vie Claire Vaux-sur-Mer;Magasin bio;La Vie Claire;2 Chemin de Bel air Batiment VERANDA RIDEAU, 17640 Vaux-sur-Mer;17 Charente-Maritime;Algues déshydratées,Algues transformées;Aoré;2 Chemin de Bel Air;17640;Vaux-sur-Mer;https://magasins.lavieclaire.com/lavieclaire/fr/store/france/nouvelle-aquitaine/charente-maritime/vaux-sur-mer/vaux-sur-mer/11710;45.6495820;-1.0475353;open
Le Comptoir Charentais ;Épicerie fine;;119 Quai Louis Prunier, 17000 La Rochelle;17 Charente-Maritime;;;119 Quai Louis Prunier;17000;La Rochelle;https://www.facebook.com/lecomptoircharentais/?locale=fr_FR;46.1512549;-1.1512245;open
Le Piment Bleu ;Épicerie fine;;12 rue gargoulleau, La Rochelle;17 Charente-Maritime;;;12 rue Gargoulleau;17000;La Rochelle;https://www.lepimentbleu.fr/;46.1619415;-1.1507987;open
Leclerc Saint-Martin-de-Ré;Grande ou moyenne surface;Leclerc;Rte de la Flotte, 17410 Saint-Martin-de-Ré;17 Charente-Maritime;Algues déshydratées,Algues transformées;Aoré;Route de la Flotte;17410;Saint-Martin-de-Ré;https://www.e.leclerc/mag/e-leclerc-saint-martin-de-re?srsltid=AfmBOorHAvH4IXZKXI4_0dJTTYrPhDcIuu6oTmdI3m-AC-cV1M6fypFP;46.1961787;-1.3504944;open
Léopold Puilboreau;Magasin bio;Léopold;Parc commercial Beaulieu, 19 Rue du 8 Mai, 17138 Puilboreau;17 Charente-Maritime;Algues déshydratées,Algues transformées;Aoré,Marinöe;19 Rue du 8 Mai;17138;Puilboreau;https://www.leopold.fr/les-magasins/3;46.1777209;-1.1092076;open
Ostréiculteurs Roumégous;Magasin de producteurs;;Rue de Maumusson, 17560 Bourcefranc-le-Chapus;17 Charente-Maritime;;;Rue de Maumusson;17560;Bourcefranc-le-Chapus;https://www.huitres-roumegous.fr/;45.8458217;-1.1609633;open
Marché de La Couarde;Marché;;31 Av. le Mail, 17670 La Couarde-sur-Mer;17 Charente-Maritime;Algues déshydratées,Algues transformées;Aoré;31 Avenue le Mail;17670;La Couarde-sur-Mer;https://www.lacouardesurmer.fr/marches-couardais/;46.1925201;-1.4277261;open
Naturalia La Rochelle Minage;Magasin bio;Naturalia;11 Rue du Minage, 17000 La Rochelle;17 Charente-Maritime;Algues déshydratées,Algues transformées;Marinöe;11 Rue du Minage;17000;La Rochelle;https://magasins.naturalia.fr/naturalia/fr/store/france/nouvelle-aquitaine/charente-maritime/la-rochelle/la-rochelle-minage/4015;46.1625509;-1.1498120;open
Poissonnerie Loligo;Poissonnerie;;75 Av. Jean Guiton, 17000 La Rochelle;17 Charente-Maritime;Algues transformées;Marinöe;75 Avenue Jean Guiton;17000;La Rochelle;https://www.loligo.fr/;46.1596939;-1.1665464;open
So.bio Lagord;Magasin bio;So.bio;4 Av. du Fief Rose, 17140 Lagord;17 Charente-Maritime;Algues déshydratées,Algues transformées;Aoré,Marinöe;4 Avenue du Fief Rose;17140;Lagord;https://www.sobio.fr/magasin/so-bio-lagord;46.1743537;-1.1659776;open
So.bio Rochefort;Magasin bio;So.bio;9 Av. William Ponty, 17300 Rochefort;17 Charente-Maritime;Algues déshydratées,Algues transformées;Aoré;9 Avenue William Ponty;17300;Rochefort;https://www.sobio.fr/magasin/so-bio-rochefort;45.9454972;-0.9573815;open
Super U et Drive Saint-Rogatien;Grande ou moyenne surface;Groupe U;1Bis Rte de la Jarne, 17220 Saint-Rogatien;17 Charente-Maritime;Algues déshydratées,Algues transformées;Aoré;1 bis Route de la Jarne;17220;Saint-Rogatien;https://www.coursesu.com/f-superu-saintrogatien-informations;46.1506063;-1.0766013;open
U Express Ars-en-Ré;Grande ou moyenne surface;Groupe U;35 Rue de la Diète, 17590 Ars-en-Ré;17 Charente-Maritime;Algues déshydratées,Algues transformées;Aoré;35 Rue de la Diète;17590;Ars-en-Ré;https://www.magasins-u.com/magasin/uexpress-arsenre;46.20649;-1.520896;open
Biocoop La Gambille Trégueux;Magasin bio;Biocoop;13 Imp. Lavoisier, 22950 Trégueux;22 Côtes-d'Armor;;;13 Impasse Lavoisier;22950;Trégueux;https://www.biocoop.fr/bretagne/cotes-d-armor/TREGUEUX/LA-GAMBILLE-TREGUEUX?srsltid=AfmBOoqcjjxrFFxiDc5aRBOCRXNH_jL2XUi2QRmW1F8-vyYiNv8b3lH3;48.4910880;-2.7240228;open
Biomonde Brocoli et Compagnie;Magasin bio;Biomonde;9 Rue de la Roche Garde, 22680 Binic-Étables-sur-Mer;22 Côtes-d'Armor;;;9 Rue de la Roche Garde;22680;Binic-Étables-sur-Mer;https://magasins.biomonde.fr/bretagne/cotes-darmor/binic-etables-sur-mer/biomonde-brocoli-et-compagnie-136;48.6432038;-2.8390115;open
La Vie Claire Lannion ;Magasin bio;La Vie Claire;Rue Saint-Marc, 22300 Lannion;22 Côtes-d'Armor;;;Rue Saint-Marc;22300;Lannion;https://magasins.lavieclaire.com/lavieclaire/fr/store/france/bretagne/cotes-d-armor/lannion/lannion/12236;48.7338925;-3.4423174;open
La Vie Claire Trégueux ;Magasin bio;La Vie Claire;7 Rue Jean Monnet, 22950 Trégueux;22 Côtes-d'Armor;;;7 Rue Jean Monnet;22950;Trégueux;https://magasins.lavieclaire.com/lavieclaire/fr/store/france/bretagne/cotes-d-armor/tregueux/tregueux/12223;48.4927675;-2.7636749;open
Biocoop Croq'santé;Magasin bio;Biocoop;ZAE Les Chaumes, Rue André Cheminade, 24600 Ribérac;24 Dordogne;Algues déshydratées,Algues transformées;Aoré;Rue André Cheminade;24600;Ribérac;https://www.biocoop-riberac.fr/;45.2524198;0.3559878;open
Naturéo Chartres;Magasin bio;Naturéo;Rue du Gord, 28000 Chartres;28 Eure-et-Loir;;;Rue du Gord;28000;Chartres;https://www.natureo-bio.fr/magasin-bio/chartres/;48.4303257;1.4909329;open
Biocoop Kastell Bio;Magasin bio;Biocoop;45 Av. des Carmes, 29250 Saint-Pol-de-Léon;29 Finistère;;;45 Avenue des Carmes;29250;Saint-Pol-de-Léon;https://www.biocoop.fr/bretagne/finistere/ST-POL-DE-LEON/BIOCOOP-KASTELL-BIO?srsltid=AfmBOopNTvX255FyFagjF3gEiFf4q2Pv_Qs9vpFjn5bEDICc8h-OXRDF;48.6811810;-3.9944190;open
Biocoop Kerbio Centre Ville;Magasin bio;Biocoop;3 Rue Kerfautras, 29200 Brest;29 Finistère;;;3 Rue Kerfautras;29200;Brest;https://www.biocoop.fr/bretagne/finistere/BREST/KERBIO-CENTRE-VILLE?srsltid=AfmBOooG_-pRF4g9k0evDR7ZqWGD0np9j7GDWpI1za2Yi_o2aNfD7JDv;48.3973260;-4.4762604;open
Biocoop Kerbio Europe;Magasin bio;Biocoop;6 Rue Daumier, 29200 Brest;29 Finistère;;;6 Rue Daumier;29200;Brest;https://www.biocoop.fr/bretagne/finistere/BREST/KERBIO-EUROPE?srsltid=AfmBOooNJe_Y4GWs5XHXOHa-WQdETnHKPIMTpayn5ymASIZJiuvrVw2e;48.4124523;-4.4728356;open
Biocoop Kerbio Rive Droite;Magasin bio;Biocoop;114 Bd de Plymouth, 29200 Brest;29 Finistère;;;114 Boulevard de Plymouth;29200;Brest;https://www.biocoop.fr/bretagne/finistere/BREST/KERBIO-RIVE-DROITE?srsltid=AfmBOopeTfifaBBDulsi9UVqCNKVkTKDb7yyNwnysY8G4jzC1ShF-6C9;48.3865635;-4.5314962;open
Biocoop Kerbio Siam;Magasin bio;Biocoop;7 Rue Amiral Linois, 29200 Brest;29 Finistère;;;7 Rue Amiral Linois;29200;Brest;https://www.biocoop.fr/bretagne/finistere/BREST/KERBIO-SIAM?srsltid=AfmBOopOTH51tOPFTz7d2W2jDFgWYsTY7xlWNpFlSbkMej2h-HpgIPAA;48.3858653;-4.4904668;open
Biomonde Bio des Pins Trégunc;Magasin bio;Biomonde;Z.A les Pins, Rue Alain Colas, 29910 Trégunc;29 Finistère;;;Rue Alain Colas;29910;Trégunc;https://magasins.biomonde.fr/bretagne/finistere/tregunc/biomonde-bio-des-pins-tregunc-124;47.8551616;-3.8424742;open
France Haliotis ;Magasin de producteurs;;70 Aod Kerazan vihan, 29880 Plouguerneau;29 Finistère;Algues déshydratées;;70 Aod Kerazan;29880;Plouguerneau;https://www.francehaliotis.com/;48.6115027;-4.5588109;open
La Vie Claire Plouhinec;Magasin bio;La Vie Claire;2 Rue Brizeux, 29780 Plouhinec;29 Finistère;;;2 Rue Brizeux;29780;Plouhinec;https://magasins.lavieclaire.com/lavieclaire/fr/store/france/bretagne/finistere/plouhinec/plouhinec/12901;48.0163529;-4.5007897;open
Marché de Brest Saint-Louis;Marché;;70-64, Rue de Siam, 29200 Brest;29 Finistère;Algues déshydratées,Algues transformées;Algo'manne;70-64 Rue de Siam;29200;Brest;https://www.brest-metropole-tourisme.fr/explorer-brest-metropole/nos-incontournables/marche-saint-louis-brest/;48.3874645;-4.4898796;open
Marché de Lannilis;Marché;;29870 Lannilis;29 Finistère;Algues déshydratées,Algues transformées;Algo'manne;Place Général Leclerc;29870;Lannilis;https://www.abers-tourisme.com/commerce/marche-de-lannilis/;48.5692602;-4.5212164;open
Marché de Ploudalmezeau;Marché;;29830 Ploudalmezeau;29 Finistère;Algues déshydratées,Algues transformées;Algo'manne;Place du Général de Gaulle;29830;Ploudalmezeau;https://www.ploudalmezeau.fr/cadre-de-vie/le-marche/;48.5419457;-4.6628828;open
Marché de Saint Renan;Marché;;29290 Saint-Renan;29 Finistère;Algues déshydratées,Algues transformées;Algo'manne;12 Place Léon Cheminant;29290;Saint-Renan;https://www.saint-renan.fr/marche-hebdomadaire/;48.4332651;-4.6213502;open
Marché du Conquet;Marché;;29217 Le Conquet;29 Finistère;Algues déshydratées,Algues transformées;Algo'manne;Place de Llandeilo;29217;Le Conquet;https://www.leconquet.bzh/marche-hebdomadaire-le-conquet/;48.3594733;-4.7769153;open
Marinoë;Magasin de producteurs;;17 Terre-Plein du Port, 29740 Plobannalec-Lesconil;29 Finistère;Algues déshydratées,Algues fraîches,Algues transformées;Marinöe;17 Terre-Plein du Port;29740;Plobannalec-Lesconil;https://marinoe.fr/;47.7979273;-4.2134487;open
Biocoop Minimes;Magasin bio;Biocoop;4 Av. Frédéric Estèbe, 31200 Toulouse;31 Haute-Garonne;;;4 Avenue Frédéric Estèbe;31200;Toulouse;https://www.biominimes.fr/;43.6184270;1.4369351;open
BeeBio;Magasin bio;;Centre Commercial Les Océanides, 670 Av. Vulcain, 33260 La Teste-de-Buch;33 Gironde;Algues déshydratées,Algues transformées;Aoré;670 Avenue Vulcain;33260;La Teste-de-Buch;https://www.accord-bio.fr/magasin-bio/la-teste-de-buch/beebio-2/;44.6134460;-1.1182430;open
Bio c’ Bon Bordeaux Victor Hugo;Magasin bio;Bio c' Bon;95 Cr Victor Hugo, 33000 Bordeaux;33 Gironde;;;95 Cours Victor Hugo;33000;Bordeaux;https://www.bio-c-bon.eu/magasin/bio-c-bon-bordeaux-victor-hugo;44.8352430;-0.5707517;open
Bio c' Bon Bordeaux Fondaudège;Magasin bio;Bio c' Bon;106 Rue Fondaudège, 33000 Bordeaux;33 Gironde;Algues déshydratées,Algues transformées;Aoré;106 Rue Fondaudège;33000;Bordeaux;https://www.bio-c-bon.eu/magasin/bio-c-bon-bordeaux-fondaudege;44.8468190;-0.5802554;open
Biocoop Victoire;Magasin bio;Biocoop;10 Cr de l'Argonne, 33000 Bordeaux;33 Gironde;Algues déshydratées,Algues transformées;Aoré;10 Cours de l'Argonne;33000;Bordeaux;https://www.biocoopbordeauxvictoire.fr/;44.8242982;-0.5789120;open
Biocoop Chartrons;Magasin bio;Biocoop;6 Rue Sicard, 33000 Bordeaux;33 Gironde;;;6 Rue Sicard;33000;Bordeaux;https://www.biocoop.fr/nouvelle-aquitaine/gironde/BORDEAUX/BIOCOOP-CHARTRONS?srsltid=AfmBOoqO_FOG9VjspmWvjsyjHPap-Zp3uZdrDYBqd0ci4Ud8W2ior62u;44.8520655;-0.5726781;open
Biocoop Villenave;Magasin bio;Biocoop;468 Rte de Toulouse, 33130 Bègles;33 Gironde;Algues déshydratées,Algues transformées;Aoré;468 Route de Toulouse;33130;Bègles;https://www.biocoop.fr/nouvelle-aquitaine/gironde/BEGLES/BIOCOOP-VILLENAVE?srsltid=AfmBOoqB-rV-VZAQ9MGn9yVmaBdh2LJ3txfODFU1uvprf4kJhBU45_ue;44.7905757;-0.5654078;open
La Vie Claire Saint-André-de-Cubzac;Magasin bio;La Vie Claire;230 Rte de Libourne, 33240 Saint-André-de-Cubzac;33 Gironde;Algues déshydratées,Algues transformées;Aoré;230 Route de Libourne;33240;Saint-André-de-Cubzac;https://magasins.lavieclaire.com/lavieclaire/fr/store/france/nouvelle-aquitaine/gironde/st-andre-de-cubzac/saint-andre-de-cubzac/13390;44.9857862;-0.4152682;open
Léopold Eysines;Magasin bio;Léopold;317 Av. du Médoc, 33320 Eysines;33 Gironde;Algues déshydratées,Algues transformées;Aoré;317 Avenue du Médoc;33320;Eysines;https://www.leopold.fr/les-magasins/12;44.8937807;-0.6681215;open
Léopold Libourne;Magasin bio;Léopold;97 Av. du Général de Gaulle, 33500 Libourne;33 Gironde;Algues déshydratées,Algues transformées;Aoré;97 Avenue du Général de Gaulle;33500;Libourne;https://www.leopold.fr/les-magasins/15;44.9043229;-0.2246713;open
Marché des Chartrons;Marché;;2 Rue Sicard, 33000 Bordeaux;33 Gironde;Algues déshydratées,Algues transformées;Aoré;2 Rue Sicard;33000;Bordeaux;https://www.bordeaux-tourisme.com/commerce-service/marche-du-quai-chartrons.html;44.8519859;-0.5724902;open
Naturalia Bordeaux Gambetta;Magasin bio;Naturalia;17 Rue Père Louis de Jabrun, 33000 Bordeaux;33 Gironde;;;17 Rue Père Louis de Jabrun;33000;Bordeaux;https://magasins.naturalia.fr/naturalia/fr/store/france/nouvelle-aquitaine/gironde/bordeaux/bordeaux/3982;44.8392864;-0.5765519;open
Naturalia Bordeaux Judaïque;Magasin bio;Naturalia;25 Rue Judaïque, 33000 Bordeaux;33 Gironde;;;25 Rue Judaïque;33000;Bordeaux;https://magasins.naturalia.fr/naturalia/fr/store/france/nouvelle-aquitaine/gironde/bordeaux/bordeaux-judaique/4067;44.8415906;-0.5823669;open
So.bio Mérignac;Magasin bio;So.bio;5 Av. John Fitzgerald Kennedy, 33700 Mérignac;33 Gironde;Algues déshydratées,Algues transformées;Aoré;5 Avenue John Fitzgerald Kennedy;33700;Mérignac;https://www.sobio.fr/magasin/so-bio-merignac;44.8327710;-0.6589812;open
So.bio Pessac;Magasin bio;So.bio;10 Av. Gustave Eiffel, 33600 Pessac;33 Gironde;Algues déshydratées,Algues transformées;Aoré;10 Avenue Gustave Eiffel;33600;Pessac;https://www.sobio.fr/magasin/so-bio-pessac;44.7867050;-0.6425994;open
Supercoop;Magasin bio;;19 Rue Oscar et Jean Auriac, 33800 Bordeaux;33 Gironde;;;19 Rue Oscar et Jean Auriac;33800;Bordeaux;https://supercoop.fr/;44.8146014;-0.5541925;open
La Vie Claire Catelnau-le-Lez;Magasin bio;La Vie Claire;Place Charles de Gaulle, 180 Rte de la Pompignane, 34170 Castelnau-le-Lez;34 Hérault;;;180 Rte de la Pompignane;34170;Castelnau-le-Lez;https://magasins.lavieclaire.com/lavieclaire/fr/store/france/occitanie/herault/castelnau-le-lez/castelnau-le-lez/13411;43.6279924;3.8983531;open
Biocoop Le Chat Biotté Combourg;Magasin bio;Biocoop;ZA Moulin, Rue des Coutures, 35270 Combourg;35 Ille-et-Vilaine;;;Rue des Coutures;35270;Combourg;https://www.biocooplechatbiotte.com/;48.4174314;-1.7489169;open
Biocoop Le Héron Bleu;Magasin bio;Biocoop;5 Rue Louis Guilloux, 35600 Redon;35 Ille-et-Vilaine;;;5 Rue Louis Guilloux;35600;Redon;https://redonleheronbleu.biocoop.net/;47.6735431;-2.0651228;open
Biocoop Scarabée Cesson;Magasin bio;Biocoop;8 Av. des Peupliers, 35510 Cesson-Sévigné;35 Ille-et-Vilaine;;;8 Avenue des Peupliers;35510;Cesson-Sévigné;https://www.biocoop.fr/bretagne/ille-et-vilaine/CESSON-SEVIGNE/SCARABEE-CESSON?srsltid=AfmBOorZlA20VxH-3cQenDokETdXL1OCqhyxqvtCaJBSGYob5GQy-J3p;48.1138076;-1.6070489;open
Biocoop Scarabée Cleunay;Magasin bio;Biocoop;132 Rue Eugène Pottier, 35000 Rennes;35 Ille-et-Vilaine;;;132 Rue Eugène Pottier;35000;Rennes;https://www.biocoop.fr/bretagne/ille-et-vilaine/RENNES/SCARABEE-CLEUNAY?srsltid=AfmBOopV2bja4inLEcWvCVQ_yZK_EsBZD2BezB_UYCMVNLKl3qqJ2nsT;48.1020030;-1.7133493;open
Breizhicoop;Magasin bio;;57 Av. des Pays Bas Le Quadri, 35200 Rennes;35 Ille-et-Vilaine;;;57 Avenue des Pays Bas;35200;Rennes;https://www.breizhicoop.fr/;48.0869272;-1.6607715;open
La Coop Bio Saint-Malo Espérance;Magasin bio;;13 Bd de l'Espérance, 35400 Saint-Malo;35 Ille-et-Vilaine;Algues déshydratées;;13 Boulevard de l'Espérance;35400;Saint-Malo;https://www.lacoopbio.com/;48.6492767;-1.9872989;open
La Trotteuse;Épicerie fine;;7 Rue de l'Horloge, 35000 Rennes;35 Ille-et-Vilaine;Algues transformées;;7 Rue de l'Horloge;35000;Rennes;https://www.facebook.com/p/Latrotteuserennes-100084114246573/?locale=fr_FR;48.1114808;-1.6803184;open
Le Goût du Bio - Guichen;Magasin bio;;36 Rue Mal de Lattre de Tassigny, 35580 Guichen;35 Ille-et-Vilaine;;;36 Rue du Maréchal de Lattre de Tassigny;35580;Guichen;https://www.accord-bio.fr/magasin-bio/guichen/le-gout-du-bio/;47.9743598;-1.7939521;open
Margate Poissonnerie;Poissonnerie;;28 Rue Saint-Hélier, 35000 Rennes;35 Ille-et-Vilaine;Algues fraîches;;28 Rue Saint-Hélier;35000;Rennes;https://www.poissonnerie-margate.fr/;48.1072003;-1.6716108;open
Naturalia Rennes;Magasin bio;Naturalia;27 - 29 Rue Saint-Hélier, 35000 Rennes;35 Ille-et-Vilaine;;;27-29 Rue Saint-Hélier;35000;Rennes;https://magasins.naturalia.fr/naturalia/fr/store/france/bretagne/ille-et-vilaine/rennes/rennes/4905;48.1024800;-1.6609344;open
Poissonnerie Nicolini ;Poissonnerie;;7 Rue du Lieutenant Colonel Dubois, 35000 Rennes;35 Ille-et-Vilaine;Algues fraîches;;7 Rue du Lieutenant Colonel Dubois;35000;Rennes;https://www.facebook.com/p/Nicolini-poissonnerie-100064057207411/?locale=fr_FR;48.1061959;-1.7353937;open
Biocoop Scarabée Rennes Papu;Magasin bio;Biocoop;18 Rue Papu, 35000 Rennes;35 Ille-et-Vilaine;Algues déshydratées,Algues fraîches,Algues transformées;;18 Rue Papu;35000;Rennes;https://scarabee-biocoop.coop/magasin-bio/biocoop-scarabee-rennes-papu/;48.1110887;-1.6930689;open
Biocoop Les Hameaux Bio Nantes;Magasin bio;Biocoop;19 Rue du Marché Commun, 44300 Nantes;44 Loire-Atlantique;;;19 Rue du Marché Commun;44300;Nantes;https://www.biocoop.fr/pays-de-la-loire/loire-atlantique/NANTES/BIOCOOP-LES-HAMEAUX-BIO-NANTES?srsltid=AfmBOopawzmUyR-WKdPsqfusE6KxChXDtlzkJpidGZ0vRA_2uUIEHsuJ;47.2588445;-1.5009960;open
Biocoop Nantes Cité des congrès;Magasin bio;Biocoop;18-20 Rue de Mayence, 44000 Nantes;44 Loire-Atlantique;;;18-20 Rue de Mayence;44000;Nantes;https://www.biocoop-nantescongres.fr/;47.2119020;-1.5456295;open
Biocoop Nantes Nord;Magasin bio;Biocoop;188 Rte de Rennes, 44300 Nantes;44 Loire-Atlantique;;;188 Route de Rennes;44300;Nantes;https://nantes-nord.biocoop.net/;47.2612783;-1.5821855;open
Biocoop Nantes Orvault;Magasin bio;Biocoop;Le Forum, 8 Rue du Commandant Charcot, 44700 Orvault;44 Loire-Atlantique;;;8 Rue du Commandant Charcot;44700;Orvault;https://nantes-orvault.biocoop.net/;47.2540203;-1.6174922;open
Biocoop Nantes République;Magasin bio;Biocoop;17 Bd Gustave Roch, 44200 Nantes;44 Loire-Atlantique;;;17 Boulevard Gustave Roch;44200;Nantes;https://nantes-republique.biocoop.net/;47.2041863;-1.5504944;open
Biocoop Nantes Schuman;Magasin bio;Biocoop;160 Bd Robert Schuman, 44300 Nantes;44 Loire-Atlantique;;;160 Boulevard Robert Schuman;44300;Nantes;https://www.biocoop-nantesschuman.fr/;47.2415134;-1.5731230;open
Biocoop Nantes Sud;Magasin bio;Biocoop;1 Rue Louis Blanc, 44230 Saint-Sébastien-sur-Loire;44 Loire-Atlantique;;;1 Rue Louis Blanc;44230;Saint-Sébastien-sur-Loire;https://nantes-sud.biocoop.net/;47.1884318;-1.4920836;open
Biocoop Les Hameaux Bio Barbara;Magasin bio;Biocoop;22 Rue Barbara, 44300 Nantes;44 Loire-Atlantique;;;22-26 Rue Barbara;44300;Nantes;https://www.biocoop.fr/pays-de-la-loire/loire-atlantique/NANTES/BIOCOOP-LES-HAMEAUX-BIO-BARBARA?srsltid=AfmBOooj9az5-ccOjUTKeUbj_g0gtk9vWFK-HqvdcaXtUluPbZsqGpfh;47.2716541;-1.5219555;open
La Vie Claire Nantes;Magasin bio;La Vie Claire;14 Rue Pitre Chevalier, 44000 Nantes;44 Loire-Atlantique;;;14 Rue Pitre Chevalier;44000;Nantes;;47.2243684;-1.5501701;closed
Le Natursel;Magasin de producteurs;;8 Rue de Bretagne, 44740 Batz-sur-Mer;44 Loire-Atlantique;Algues déshydratées,Algues transformées;Alg'dente;8 Rue de Bretagne;44740;Batz-sur-Mer;https://lenatursel.fr/;47.2820937;-2.4772509;open
Le Quai Ouest;Magasin de producteurs;;23 Av. de la République, 44600 Saint-Nazaire;44 Loire-Atlantique;Algues déshydratées,Algues transformées;Alg'dente;23 Avenue de la République;44600;Saint-Nazaire;https://www.facebook.com/lequaiouestsaintnazaire/?locale=fr_FR;47.2763278;-2.2132433;open
Les Jardins de la Mer;Magasin de producteurs;;Av. de Saint-Goustan, 44490 Le Croisic;44 Loire-Atlantique;;;Avenue de Saint-Goustan;44490;Le Croisic;https://www.lesjardins-delamer.fr/;47.3006081;-2.5291927;open
Naturalia Nantes;Magasin bio;Naturalia;23 All. d'Orléans, 44000 Nantes;44 Loire-Atlantique;;;23 Allée d'Orléans;44000;Nantes;https://magasins.naturalia.fr/naturalia/fr/store/france/pays-de-la-loire/loire-atlantique/nantes/nantes/3954;47.2172727;-1.5573746;open
Naturéo La Chapelle-sur-Erdre;Magasin bio;Naturéo;Rue D'Utrecht Ccal Géant Casino Viv'Erdre, 44240 La Chapelle-sur-Erdre;44 Loire-Atlantique;;;Rue D'Utrecht;44240;La Chapelle-sur-Erdre;https://www.natureo-bio.fr/magasin-bio/la-chapelle-sur-erdre/;47.2846522;-1.5508783;open
Terre de Sel;Magasin de producteurs;;Pradel, 44350 Guérande;44 Loire-Atlantique;Algues déshydratées,Algues transformées;Alg'dente;Pradel;44350;Guérande;https://www.terredesel.com/fr/;47.3155677;-2.4429265;open
Biocoop La CABA Avrillé;Magasin bio;Biocoop;44 Av. Simone Veil, 49240 Avrillé;49 Maine-et-Loire;;;44 Avenue Simone Veil;49240;Avrillé;https://www.biocoop.fr/pays-de-la-loire/maine-et-loire/AVRILLE/BIOCOOP-CABA-AVRILLE?srsltid=AfmBOortjJ4mrbWJSt5z9yE57YP1MqUx6sCtqyWFkhsMN_nlfYU0QIi2;47.5028976;-0.5870465;open
Biocoop La CABA Doyenné;Magasin bio;Biocoop;50 Boul. du Doyenné, 49100 Angers;49 Maine-et-Loire;;;50 Boulevard du Doyenné;49100;Angers;https://www.biocoop.fr/pays-de-la-loire/maine-et-loire/ANGERS/BIOCOOP-CABA-DOYENNE?srsltid=AfmBOoqpQQkRr5KOGu7vqyq-g59fj2KIP-2sGqmu5wO52nOxOwr-jyEn;47.4898836;-0.5363921;open
Biocoop La CABA Fleur d’Eau;Magasin bio;Biocoop;57 Rue Plantagenêt, 49100 Angers;49 Maine-et-Loire;;;57 Rue Plantagenêt;49100;Angers;https://www.biocoop.fr/pays-de-la-loire/maine-et-loire/ANGERS/BIOCOOP-CABA-FLEUR-D-EAU?srsltid=AfmBOor_Er6kBVAF3x5thP_8kV2ZUa1u9rGd9QodPEK7-RK3CSS_rcXC;47.4719240;-0.5543135;open
Biocoop La CABA Foch Centre Ville;Magasin bio;Biocoop;59 Bd du Maréchal Foch, 49100 Angers;49 Maine-et-Loire;;;59 Boulevard du Maréchal Foch;49100;Angers;https://www.biocoop.fr/pays-de-la-loire/maine-et-loire/ANGERS/CABA-FOCH-CENTRE-VILLE?srsltid=AfmBOopH95A7pJb3EcUjwMtGvIlP0L_PqLecd16CtJ3zRhlSu-SktB5d;47.4666422;-0.5524443;open
Biocoop La CABA Imbach;Magasin bio;Biocoop;22 Pl. Louis Imbach, 49100 Angers;49 Maine-et-Loire;;;22 Place Louis Imbach;49100;Angers;https://www.biocoop.fr/pays-de-la-loire/maine-et-loire/ANGERS/BIOCOOP-CABA-IMBACH?srsltid=AfmBOorkKQ6NAG7Gr70NT9AeWOfDIJBsC2IHN0jcwQPSsJyWYcbgoh6Z;47.4732367;-0.5486164;open
Biocoop La CABA Mûrs-Érigné;Magasin bio;Biocoop;Centre commercial de l’Aubance, 34 Rte de Cholet, 49610 Mûrs-Erigné;49 Maine-et-Loire;;;34 Route de Cholet;49610;Mûrs-Erigné;https://www.biocoop.fr/pays-de-la-loire/maine-et-loire/MURS-ERIGNE/BIOCOOP-CABA-MURS-ERIGNE?srsltid=AfmBOopKtn7qaJmQBORT_av0GyMUaISObR0NZxnY7ytRHXWQAPtEGoQZ;47.3999400;-0.5313951;open
Biocoop La Pyramide;Magasin bio;Biocoop;216 Rte de la Pyramide, 49130 Les Ponts-de-Cé;49 Maine-et-Loire;;;216 Route de la Pyramide;49130;Les Ponts-de-Cé;https://lapyramide.biocoop.net/;47.4473680;-0.5099419;open
La Vie Claire Grez-Neuville;Magasin bio;La Vie Claire;1 Rue du Lionnais, 49220 Grez-Neuville;49 Maine-et-Loire;;;1 Rue du Lionnais;49220;Grez-Neuville;https://magasins.lavieclaire.com/lavieclaire/fr/store/france/pays-de-la-loire/maine-et-loire/grez-neuville/grez-neuville/14903;47.6147336;-0.7061768;open
Naturéo Angers;Magasin bio;Naturéo;1 Rue du Grand Launay, 49000 Angers;49 Maine-et-Loire;;;1 Rue du Grand Launay;49000;Angers;https://www.natureo-bio.fr/magasin-bio/angers/;47.4672489;-0.5943731;open
Biocoop Horizon Bio Centre Ville;Magasin bio;Biocoop;37 Rue Jean Marie Barre, 56400 Auray;56 Morbihan;;;37 Rue Jean Marie Barre;56400;Auray;https://www.biocoop.fr/bretagne/morbihan/AURAY/BIOCOOP-HORIZON-BIO?srsltid=AfmBOooLIUgdk8USOwp58Mfl-Xl2z5EQ4vSS9mI4WZIp2BV-fJv0yFBi;47.667703;-2.985278;open
Biocoop Horizon Bio Porte Océane;Magasin bio;Biocoop;40 Av. de l'Océan, 56400 Auray;56 Morbihan;;;40 Avenue de l'Océan;56400;Auray;https://www.biocoop.fr/bretagne/morbihan/AURAY/BIOCOOP-HORIZON-BIO-PORTE-OCEANE?srsltid=AfmBOoovWfWgltyXSp3r5ugzSCe5zwKNOt1lCjOqplzstLRf-QQgQsMc;47.6645468;-3.0043042;open
Breizh Coquillages;Magasin de producteurs;;Rue Pnte du Bile, 56760 Pénestin;56 Morbihan;Algues déshydratées,Algues transformées;Alg'dente;Rue Pointe du Bile;56760;Pénestin;https://www.breizh-coquillages.bzh/;47.4421711;-2.4798438;open
Soprolux La boutique;;;Halle du Marché Gare, 41 Rue du Marché Gare, 67200 Strasbourg;67 Bas-Rhin;;;41 Rue du Marché Gare;67200;Strasbourg;https://soprolux.com/;48.5964303;7.7380384;open
Bio c' Bon Lyon Lumière;Magasin bio;Bio c' Bon;58 Av. des Frères Lumière, 69008 Lyon;69 Rhône;;;58 Avenue des Frères Lumière;69008;Lyon;https://www.bio-c-bon.eu/magasin/bio-c-bon-lyon-lumiere;45.7454949;4.8646168;open
Biocoop Confluence;Magasin bio;Biocoop;42 Cr Charlemagne, 69002 Lyon;69 Rhône;;;42 Cours Charlemagne;69002;Lyon;https://www.biocoop-confluence.fr/;45.7459261;4.8233440;open
Biocoop Place Bellecour;Magasin bio;Biocoop;11 Pl. Bellecour, 69002 Lyon;69 Rhône;;;11 Place Bellecour;69002;Lyon;https://www.biocooplyonbellecour.com/;45.7581985;4.8334729;open
La Vie Claire Lyon Charité;Magasin bio;La Vie Claire;40 Rue de la Charité, 69002 Lyon;69 Rhône;;;40 Rue de la Charité;69002;Lyon;https://magasins.lavieclaire.com/lavieclaire/fr/store/france/auvergne-rhone-alpes/rhone/lyon/lyon-charite/16968;45.7528126;4.8314755;open
La Vie Claire Lyon Guillotière;Magasin bio;La Vie Claire;138 Gd Rue de la Guillotière, 69007 Lyon;69 Rhône;;;138 Grand Rue de la Guillotière;69007;Lyon;https://magasins.lavieclaire.com/lavieclaire/fr/store/france/auvergne-rhone-alpes/rhone/lyon/lyon-guillotiere/16980;45.7499204;4.8511507;open
La Vie Claire Lyon Lafayette;Magasin bio;La Vie Claire;245 Cr Lafayette, 69006 Lyon;69 Rhône;;;245 Cours Lafayette;69006;Lyon;https://magasins.lavieclaire.com/lavieclaire/fr/store/france/auvergne-rhone-alpes/rhone/lyon/lyon-lafayette/16931;45.7638163;4.8636150;open
La Vie Claire Lyon Saxe Gambetta;Magasin bio;La Vie Claire;123 Av. Maréchal de Saxe, 69003 Lyon;69 Rhône;;;123 Avenue du Maréchal de Saxe;69003;Lyon;https://magasins.lavieclaire.com/lavieclaire/fr/store/france/auvergne-rhone-alpes/rhone/lyon/lyon-saxe-gambetta/16952;45.7573904;4.8466005;open
La Vie Claire Lyon Rockefeller;Magasin bio;La Vie Claire;16 Av. Rockefeller, 69008 Lyon;69 Rhône;;;16 Avenue Rockefeller;69008;Lyon;https://magasins.lavieclaire.com/lavieclaire/fr/store/france/auvergne-rhone-alpes/rhone/lyon/lyon-rockefeller/16935;45.7418937;4.8824808;open
La Vie Claire Lyon Quai Saint Vincent;Magasin bio;La Vie Claire;1 Rue Thimonnier, 69001 Lyon;69 Rhône;;;1 Rue Thimonnier;69001;Lyon;https://magasins.lavieclaire.com/lavieclaire/fr/store/france/auvergne-rhone-alpes/rhone/lyon/lyon-quai-saintvincent/26908;45.7676765;4.8291285;open
La Vie Claire Lyon Vendôme;Magasin bio;La Vie Claire;125 Rue Vendôme, 69006 Lyon;69 Rhône;;;125 Rue Vendôme;69006;Lyon;https://magasins.lavieclaire.com/lavieclaire/fr/store/france/auvergne-rhone-alpes/rhone/lyon/lyon-vendome/16910;45.7670361;4.8456506;open
Naturalia Lyon Grolée;Magasin bio;Naturalia;4-6 Rue Grolée, 69002 Lyon;69 Rhône;;;4-6 Rue Grolée;69002;Lyon;https://magasins.naturalia.fr/naturalia/fr/store/france/auvergne-rhone-alpes/rhone/lyon/lyon-grolee/3867;45.7608257;4.8370001;open
Naturalia Lyon Jean-Jaurès;Magasin bio;Naturalia;18 Av. Jean Jaurès, 69007 Lyon;69 Rhône;;;18 Avenue Jean Jaurès;69007;Lyon;https://magasins.naturalia.fr/naturalia/fr/store/france/auvergne-rhone-alpes/rhone/lyon/lyon-jean-jaures/3908;45.7523855;4.8459219;open
Naturalia Villeurbanne Charpennes;Magasin bio;Naturalia;31 Cr Émile-Zola, 69100 Villeurbanne;69 Rhône;;;31 Cours Émile-Zola;69100;Villeurbanne;https://magasins.naturalia.fr/naturalia/fr/store/france/auvergne-rhone-alpes/rhone/villeurbanne/villeurbanne-charpennes/4058;45.7708179;4.8653723;open
Bio c' Bon Paris Alésia;Magasin bio;Bio c' Bon;119 Rue d'Alésia, 75014 Paris;75 Paris;;;119 Rue d'Alésia;75014;Paris;https://www.bio-c-bon.eu/magasin/bio-c-bon-paris-alesia;48.8289342;2.3233834;open
Bio c' Bon Paris Bourgogne;Magasin bio;Bio c' Bon;43 Rue de Bourgogne, 75007 Paris;75 Paris;;;43 Rue de Bourgogne;75007;Paris;https://www.bio-c-bon.eu/magasin/bio-c-bon-paris-bourgogne;48.8568958;2.3173777;open
Bio c' Bon Paris Cerisaie;Magasin bio;Bio c' Bon;16 Rue de la Cerisaie, 75004 Paris;75 Paris;;;16 Rue de la Cerisaie;75004;Paris;https://www.bio-c-bon.eu/magasin/bio-c-bon-paris-cerisaie;48.8522672;2.3651848;open
Bio c' Bon Paris Daru;Magasin bio;Bio c' Bon;2 Rue Daru, 75008 Paris;75 Paris;;;2 Rue Daru;75008;Paris;https://www.bio-c-bon.eu/magasin/bio-c-bon-paris-daru;48.8772506;2.3006596;open
Bio c' Bon Paris Doumer;Magasin bio;Bio c' Bon;90 Av. Paul Doumer, 75016 Paris;75 Paris;;;90 Avenue Paul Doumer;75016;Paris;https://www.bio-c-bon.eu/magasin/bio-c-bon-paris-doumer;48.8588491;2.2760602;open
Bio c' Bon Paris Fondary;Magasin bio;Bio c' Bon;3 Rue Fondary, 75015 Paris;75 Paris;;;3 Rue Fondary;75015;Paris;https://www.bio-c-bon.eu/magasin/bio-c-bon-paris-fondary;48.8489340;2.2912784;open
Bio c' Bon Paris Glacière;Magasin bio;Bio c' Bon;27 Rue de la Glacière, 75013 Paris;75 Paris;;;27 Rue de la Glacière;75013;Paris;https://www.bio-c-bon.eu/magasin/bio-c-bon-paris-glaciere;48.8340387;2.3449359;open
Bio c' Bon Paris Grange aux Belles;Magasin bio;Bio c' Bon;49 Rue de la Grange aux Belles, 75010 Paris;75 Paris;;;49 Rue de la Grange aux Belles;75010;Paris;https://www.bio-c-bon.eu/magasin/bio-c-bon-paris-grange-aux-belles;48.8763773;2.3683736;open
Bio c' Bon Paris Italie;Magasin bio;Bio c' Bon;116 Av. d'Italie, 75013 Paris;75 Paris;;;116 Avenue d'Italie;75013;Paris;https://www.bio-c-bon.eu/magasin/bio-c-bon-paris-italie;48.8240590;2.3576495;open
Bio c' Bon Paris Jaurès;Magasin bio;Bio c' Bon;124 Av. Jean Jaurès, 75019 Paris;75 Paris;;;124 Avenue Jean Jaurès;75019;Paris;https://www.bio-c-bon.eu/magasin/bio-c-bon-paris-jaures;48.8862256;2.3840029;open
Bio c' Bon Paris Pigalle;Magasin bio;Bio c' Bon;9 Pl. Pigalle, 75009 Paris;75 Paris;;;9 Place Pigalle;75009;Paris;https://www.bio-c-bon.eu/magasin/bio-c-bon-paris-pigalle;48.8818220;2.3371329;open
Bio c' Bon Paris Pyrénées;Magasin bio;Bio c' Bon;341 Rue des Pyrénées, 75020 Paris;75 Paris;;;341 Rue des Pyrénées;75020;Paris;https://www.bio-c-bon.eu/magasin/bio-c-bon-paris-pyrenees;48.8717158;2.3920336;open
Bio c' Bon Paris Saint André des Arts;Magasin bio;Bio c' Bon;60-62 Rue Saint-André des Arts, 75006 Paris;75 Paris;;;60-62 Rue Saint-André des Arts;75006;Paris;https://www.bio-c-bon.eu/magasin/bio-c-bon-paris-saint-andre-des-arts;48.8533090;2.3423520;open
Bio c' Bon Paris Saint Dominique;Magasin bio;Bio c' Bon;90 Rue Saint-Dominique, 75007 Paris;75 Paris;;;90 Rue Saint-Dominique;75007;Paris;https://www.bio-c-bon.eu/magasin/bio-c-bon-paris-saint-dominique;48.8594319;2.3058696;open
Bio c' Bon Paris Saint Mandé;Magasin bio;Bio c' Bon;43 Av. de Saint-Mandé, 75012 Paris;75 Paris;;;43 Avenue de Saint-Mandé;75012;Paris;https://www.bio-c-bon.eu/magasin/bio-c-bon-paris-saint-mande;48.8452088;2.4015439;open
Bio c' Bon Paris Saint-Augustin;Magasin bio;Bio c' Bon;29-31 Rue Saint-Augustin, 75002 Paris;75 Paris;;;29-31 Rue Saint-Augustin;75002;Paris;https://www.bio-c-bon.eu/magasin/bio-c-bon-paris-saint-augustin;48.8688578;2.3337427;open
Bio c' Bon Paris Saint-Maur;Magasin bio;Bio c' Bon;142 Rue Saint-Maur, 75011 Paris;75 Paris;;;142 Rue Saint-Maur;75011;Paris;https://www.bio-c-bon.eu/magasin/bio-c-bon-paris-saint-maur;48.8686823;2.3749729;open
Bio c' Bon Paris Simon Bolivar;Magasin bio;Bio c' Bon;8 Av. Simon Bolivar, 75019 Paris;75 Paris;;;8 Avenue Simon Bolivar;75019;Paris;https://www.bio-c-bon.eu/magasin/bio-c-bon-paris-simon-bolivar;48.8740748;2.3846248;open
Bio c' Bon Paris Ternes;Magasin bio;Bio c' Bon;79 Av. des Ternes, 75017 Paris;75 Paris;;;79 Avenue des Ternes;75017;Paris;https://www.bio-c-bon.eu/magasin/bio-c-bon-paris-ternes;48.8795936;2.2893766;open
Bio c' Bon Paris Vauvenargues;Magasin bio;Bio c' Bon;17 Rue Vauvenargues, 75018 Paris;75 Paris;;;17 Rue Vauvenargues;75018;Paris;https://www.bio-c-bon.eu/magasin/bio-c-bon-paris-vauvenargues;48.8930575;2.3334893;open
Bio c' Bon Paris Vavin;Magasin bio;Bio c' Bon;31 Rue Vavin, 75006 Paris;75 Paris;;;31 Rue Vavin;75006;Paris;https://www.bio-c-bon.eu/magasin/bio-c-bon-paris-vavin;48.8432097;2.3296038;open
Bio c' Bon Parmentier;Magasin bio;Bio c' Bon;52 Ave Parmentier, 75011 Paris;75 Paris;;;52 Avenue Parmentier;75011;Paris;https://www.bio-c-bon.eu/magasin/bio-c-bon-parmentier;48.8622589;2.3769300;open
Biocoop ADN;Magasin bio;Biocoop;3 Rue des Grands Champs, 75020 Paris;75 Paris;;;3 Rue des Grands Champs;75020;Paris;https://www.biocoop.fr/ile-de-france/paris/PARIS-20E-ARRONDISSEMENT/BIOCOOP-ADN-(Anti-Dechets-Nation)?srsltid=AfmBOoozAPzdQysvY-fNefyNgSdfi7HY3pecwEUkff452LW37c6ychZt;48.8505423;2.3995489;open
Biocoop Aligre;Magasin bio;Biocoop;24 Rue Beccaria, 75012 Paris;75 Paris;;;24 Rue Beccaria;75012;Paris;https://biocoop-aligre.biocoop.net/;48.8482795;2.3788100;open
Biocoop Bastille;Magasin bio;Biocoop;10 Rue BOULLE, R. Bréguet, 75011 Paris;75 Paris;Algues déshydratées,Algues transformées;Aoré;10 Rue Boulle;75011;Paris;https://www.biocoop-bastille.fr/;48.8568295;2.3722747;open
Biocoop Belleville en Bio;Magasin bio;Biocoop;62 Rue de Belleville, 75020 Paris;75 Paris;;;62 Rue de Belleville;75020;Paris;https://www.biocoop.fr/ile-de-france/paris/PARIS-20E-ARRONDISSEMENT/BELLEVILLE-EN-BIO?srsltid=AfmBOopZ2WEWW57NxGz7C9W6I4QpsDRyP0P7g5Gakg2ou1mWiLlBlV8_;48.8733365;2.3827708;open
Biocoop Boucicaut;Magasin bio;Biocoop;134 Rue de Lourmel, 75015 Paris;75 Paris;;;134 Rue de Lourmel;75015;Paris;https://boucicaut.biocoop.net/;48.8413933;2.2847362;open
Biocoop Canal Bio;Magasin bio;Biocoop;46bis Quai de la Loire, 75019 Paris;75 Paris;;;46 bis Quai de la Loire;75019;Paris;https://www.biocoop.fr/ile-de-france/paris/PARIS-19E-ARRONDISSEMENT/CANAL-BIO?srsltid=AfmBOorTDWgXHtqvtPTsTViW66kzH-391f2RSYfTObpEt8_d4gXEvLMU;48.8854639;2.3752945;open
Biocoop Canal La Villette;Magasin bio;Biocoop;1 Rue Eugène Jumin, 75019 Paris;75 Paris;;;1 Rue Eugène Jumin;75019;Paris;https://www.biocoop.fr/ile-de-france/paris/PARIS-19E-ARRONDISSEMENT/BIOCOOP-CANAL-LA-VILLETTE?srsltid=AfmBOors3sYt5uSz2IGpmOBfDmuv328GNpbp1PaTczTrZ8DjXPKQDYq7;48.8864939;2.3927015;open
Biocoop Catalogne;Magasin bio;Biocoop;2 Pl. de Catalogne, 75014 Paris;75 Paris;;;2 Place de Catalogne;75014;Paris;;48.8368275;2.3187184;closed
Biocoop Choron;Magasin bio;Biocoop;4 Rue Choron, 75009 Paris;75 Paris;;;4 Rue Choron;75009;Paris;https://www.biocoopchoron.fr/;48.8773340;2.3425305;open
Biocoop Convention;Magasin bio;Biocoop;202 Rue de la Convention, 75015 Paris;75 Paris;;;202 Rue de la Convention;75015;Paris;https://convention.biocoop.net/;48.8370109;2.2968156;open
Biocoop des Ternes;Magasin bio;Biocoop;4 Rue Pierre Demours, 75017 Paris;75 Paris;;;4 Rue Pierre Demours;75017;Paris;https://www.biocoopdesternes.fr/;48.8797924;2.2916038;open
Biocoop Étienne Marcel;Magasin bio;Biocoop;15 R. de Turbigo, 75002 Paris;75 Paris;;;15 Rue de Turbigo;75002;Paris;https://www.biocoop.fr/ile-de-france/paris/PARIS-2E-ARRONDISSEMENT/BIOCOOP-ETIENNE-MARCEL?srsltid=AfmBOookj2WUe9nyaBlDte-Jt0INDhnhtaTTyv8I9APVCc3yaynavDUS;48.8640291;2.3493581;open
Biocoop Gambetta;Magasin bio;Biocoop;98 Av. Gambetta, 75020 Paris;75 Paris;;;98 Avenue Gambetta;75020;Paris;https://www.biocoopgambetta.fr/;48.8708063;2.4037542;open
Biocoop Grenelle;Magasin bio;Biocoop;44 Bd de Grenelle, 75015 Paris;75 Paris;;;44 Boulevard de Grenelle;75015;Paris;https://grenelle.biocoop.net/;48.8516688;2.2912312;open
Biocoop La Fourche;Magasin bio;Biocoop;53 Av. de Clichy, 75017 Paris;75 Paris;;;53 Avenue de Clichy;75017;Paris;https://www.biocoop.fr/ile-de-france/paris/PARIS-17E-ARRONDISSEMENT/BIOCOOP-LA-FOURCHE?srsltid=AfmBOopsNpk7r02h8MAHtCs-TPqDLCcpr7CWXK5nkGrCD2_-90RnHSYE;48.8866449;2.3259300;open
Biocoop La République;Magasin bio;Biocoop;19 Av. de la République, 75011 Paris;75 Paris;;;19 Avenue de la République;75011;Paris;https://www.biocoop-larepublique.fr/;48.8661604;2.3707172;open
Biocoop La Ruche d’Alésia;Magasin bio;Biocoop;43 Rue Bezout, 75014 Paris;75 Paris;;;43 Rue Bezout;75014;Paris;https://www.biocoop.fr/ile-de-france/paris/PARIS-14E-ARRONDISSEMENT/BIOCOOP-LA-RUCHE-D-ALESIA?srsltid=AfmBOoobrgm1gWnHlllMzZYOXbawb8ZYnajJkQFW_e-oEXoEMPSV-_F8;48.8287689;2.3286309;open
Biocoop La Ruche de Glacière;Magasin bio;Biocoop;55 Rue de la Glacière, 75013 Paris;75 Paris;;;55 Rue de la Glacière;75013;Paris;https://www.biocoop.fr/ile-de-france/paris/PARIS-13E-ARRONDISSEMENT/BIOCOOP-LA-RUCHE-DE-GLACIERE?srsltid=AfmBOoqElzjrjeRlwjE2AiZrLjICFjqAY4AJsvnEu8abPwIldoP_-Cvs;48.8321514;2.3445719;open
Biocoop Lancry;Magasin bio;Biocoop;45 Rue de Lancry, 75010 Paris;75 Paris;Algues déshydratées,Algues transformées;Aoré;45 Rue de Lancry;75010;Paris;https://www.biocoop.fr/ile-de-france/paris/PARIS-10E-ARRONDISSEMENT/BIOCOOP-LANCRY?srsltid=AfmBOopXct337ejm_IKrImxHntW8ORRB8Rz1HkOmd-80rZoMUq3KNDiR;48.8713115;2.3617747;open
Biocoop Le Petit Canal;Magasin bio;Biocoop;230 Rue du Faubourg Saint-Martin, 75010 Paris;75 Paris;;;230 Rue du Faubourg Saint-Martin;75010;Paris;https://www.biocoop.fr/ile-de-france/paris/PARIS-10E-ARRONDISSEMENT/BIOCOOP-LE-PETIT-CANAL?srsltid=AfmBOoouWxD8rKZeRRJYrQ7edmtmt8YkfrG9TaeMQU9sQNtCr4QINwHf;48.8808552;2.3650191;open
Biocoop Les Fêtes;Magasin bio;Biocoop;1 Rue du Pré Saint-Gervais, 75019 Paris;75 Paris;;;1 Rue du Pré Saint-Gervais;75019;Paris;https://www.biocooplesfetes.fr/;48.8757732;2.3922476;open
Biocoop Les Pousses de Ménilmontant;Magasin bio;Biocoop;20 Rue de Ménilmontant, 75020 Paris;75 Paris;;;20 Rue de Ménilmontant;75020;Paris;https://www.biocoop.fr/ile-de-france/paris/PARIS-20E-ARRONDISSEMENT/LES-POUSSES-DE-MENILMONTANT?srsltid=AfmBOoqPtN2wyODeYtbprqunCj10ZQdWZjecaW9M7glNNJVN2d1P_63S;48.8674556;2.3849794;open
Biocoop Mirabeau;Magasin bio;Biocoop;20 Rue Mirabeau, 75016 Paris;75 Paris;;;20 Rue Mirabeau;75016;Paris;https://www.biocoop.fr/ile-de-france/paris/PARIS/BIOCOOP-MIRABEAU?srsltid=AfmBOooUf_l7kT6gfO9XDoP2uXWzjA6I88mH2nd84iXYz6ZuwyagW7vC;48.8467056;2.2710670;open
Biocoop Monge;Magasin bio;Biocoop;17 Rue Monge, 75005 Paris;75 Paris;;;17 Rue Monge;75005;Paris;https://www.biocoop.fr/ile-de-france/paris/PARIS-5E-ARRONDISSEMENT/BIOCOOP-MONGE?srsltid=AfmBOoo51Wiml34Poi0tshjFuoLECy475k2rtzUBQaMSCJwfXZ8Y4My7;48.8477913;2.3508595;open
Biocoop Paradis;Magasin bio;Biocoop;29 Rue de Paradis, 75010 Paris;75 Paris;;;29 Rue de Paradis;75010;Paris;https://www.biocoop.fr/ile-de-france/paris/PARIS-10E-ARRONDISSEMENT/BIOCOOP-PARADIS?srsltid=AfmBOooCjRjGsD2af1qjmq0jGGMsBuh0TeRepkuhPiV0ZN0z1lHUPuCZ;48.8751204;2.3516675;open
La Vie Claire Paris Alphonse Baudin;Magasin bio;La Vie Claire;6 Rue Alphonse Baudin, 75011 Paris;75 Paris;;;6 Rue Alphonse Baudin;75011;Paris;https://magasins.lavieclaire.com/lavieclaire/fr/store/france/ile-de-france/paris/paris/paris-alphonse-baudin/17530;48.8603737;2.3707599;open
La Vie Claire Paris Saint Charles;Magasin bio;La Vie Claire;20 Rue de l'Église, 75015 Paris;75 Paris;;;20 Rue de l'Église;75015;Paris;https://magasins.lavieclaire.com/lavieclaire/fr/store/france/ile-de-france/paris/paris/paris-saint-charles/17575;48.8449031;2.2858624;open
La Vie Claire Paris Frémicourt;Magasin bio;La Vie Claire;17 Rue Frémicourt, 75015 Paris;75 Paris;;;17 Rue Frémicourt;75015;Paris;https://magasins.lavieclaire.com/lavieclaire/fr/store/france/ile-de-france/paris/paris/paris-fremicourt/17515;48.8474695;2.2979412;open
La Vie Claire Paris Haussmann;Magasin bio;La Vie Claire;85 Bd Haussmann, 75008 Paris;75 Paris;;;85 Boulevard Haussmann;75008;Paris;https://magasins.lavieclaire.com/lavieclaire/fr/store/france/ile-de-france/paris/paris/paris-haussmann/17516;48.8744106;2.3212594;open
La Vie Claire Paris Lecourbe;Magasin bio;La Vie Claire;196 Rue Lecourbe 194, 75015 Paris;75 Paris;;;194-196 Rue Lecourbe;75015;Paris;https://magasins.lavieclaire.com/lavieclaire/fr/store/france/ile-de-france/paris/paris/paris-lecourbe/17525;48.8443690;2.3086148;open
La Vie Claire Paris Ledru Rollin;Magasin bio;La Vie Claire;163 Av. Ledru Rollin, 75011 Paris;75 Paris;;;163 Avenue Ledru Rollin;75011;Paris;https://magasins.lavieclaire.com/lavieclaire/fr/store/france/ile-de-france/paris/paris/paris-ledru-rollin/17521;48.8560798;2.3787482;open
La Vie Claire Paris Philippe Auguste;Magasin bio;La Vie Claire;53 Av. Philippe Auguste, 75011 Paris;75 Paris;;;53 Avenue Philippe Auguste;75011;Paris;https://magasins.lavieclaire.com/lavieclaire/fr/store/france/ile-de-france/paris/paris/paris-philippe-auguste/17527;48.8527875;2.3929593;open
Le Retour à la Terre Rive Droite;Magasin bio;;114 Av. Philippe Auguste, 75011 Paris;75 Paris;;;114 Avenue Philippe Auguste;75011;Paris;https://www.leretouralaterre.fr/magasins/rive-droite;48.8572495;2.3907287;open
Le Retour à la Terre Rive Gauche;Magasin bio;;1 Rue Le Goff, 75005 Paris;75 Paris;;;1 Rue Le Goff;75005;Paris;https://www.leretouralaterre.fr/magasins/rive-gauche;48.8467549;2.3419742;open
Naturalia Paris Lamartine;Magasin bio;Naturalia;37 Rue Lamartine, 75009 Paris;75 Paris;;;37 Rue Lamartine;75009;Paris;https://magasins.naturalia.fr/naturalia/fr/store/france/ile-de-france/paris/paris/lamartine/3820;48.8765505;2.3402975;open
Tang Frères Paris 13ème;Épicerie asiatique;;48 Avenue d'Ivry, 75013 Paris;75 Paris;;;48 Avenue d'Ivry;75013;Paris;https://www.tang-freres.fr/;48.8236442;2.3653966;open
Naturéo Le Havre;Magasin bio;Naturéo;81 Rue Claude Lévi-Strauss, 76620 Le Havre;76 Seine-Maritime;;;81 Rue Claude Lévi-Strauss;76620;Le Havre;https://www.natureo-bio.fr/magasin-bio/le-havre/;49.5252564;0.0911634;open
Biocoop Bio Verger de Cossigny;Magasin bio;Biocoop;9 Av. des Peupliers, 77173 Chevry-Cossigny;77 Seine-et-Marne;;;9 Avenue des Peupliers;77173;Chevry-Cossigny;https://www.biocoop.fr/ile-de-france/seine-et-marne/CHEVRY-COSSIGNY/BIO-VERGER-DE-COSSIGNY?srsltid=AfmBOopSVv6owzT8jwLyk4n-U8iUrgWEryMc1UqZ9gWyorBWQ2FxUbPh;48.7115921;2.6777219;open
Biocoop Roissy‑ en‑Brie;Magasin bio;Biocoop;Parc Commercial Gecko, 2 Rue de la Canarderie, 77680 Roissy-en-Brie;77 Seine-et-Marne;;;2 Rue de la Canarderie;77680;Roissy-en-Brie;https://www.biocoop-roissyenbrie.com/;48.7832142;2.6553702;open
Biocoop Pleinchamp Dans La Ville;Magasin bio;Biocoop;24 bis Pl. Etienne Marcel, 78180 Montigny-le-Bretonneux;78 Yvelines;;;24 bis Place Etienne Marcel;78180;Montigny-le-Bretonneux;https://www.biocoop-pleinchamp.fr/;48.7812650;2.0422970;open
Biocoop Vélizy;Magasin bio;Biocoop;57 Pl. Louvois, 78140 Vélizy-Villacoublay;78 Yvelines;;;57 Place Louvois;78140;Vélizy-Villacoublay;https://velizy.biocoop.net/;48.7805246;2.1966137;open
Bio c' Bon Niort;Magasin bio;Bio c' Bon;63 Rue Victor Hugo, 79000 Niort;79 Deux-Sèvres;Algues déshydratées,Algues transformées;Aoré;63 Rue Victor Hugo;79000;Niort;https://www.bio-c-bon.eu/magasin/bio-c-bon-niort;46.3247819;-0.4622007;open
Biocoop Parthenay;Magasin bio;Biocoop;ZAC des Loges, 31 Rue Léonard de Vinci, 79200 Parthenay;79 Deux-Sèvres;Algues déshydratées,Algues transformées;Aoré;31 Rue Léonard de Vinci;79200;Parthenay;https://www.biocoop-parthenay.fr/;46.6487360;-0.2274090;open
Biocoop Croc'bio Nord;Magasin bio;Biocoop;34 bis Avenue Yitzhak Rabin, La, Rte de Nantes, 85000 La Roche-sur-Yon;85 Vendée;Algues déshydratées,Algues transformées;Aoré;34 bis Avenue Yitzhak Rabin;85000;La Roche-sur-Yon;https://www.biocoop-croqbio.com/;46.6938155;-1.4299007;open
Biocoop Croc'bio Sud;Magasin bio;Biocoop;Zone Acti Sud, 74 Rue de Montréal, 85000 La Roche-sur-Yon;85 Vendée;Algues déshydratées,Algues transformées;Aoré;74 Rue de Montréal;85000;La Roche-sur-Yon;https://www.biocoop-croqbio.com/;46.6553595;-1.4464874;open
Biocoop Grain de sel;Magasin bio;Biocoop;12 Chem. de la Petite Croix, 85270 Saint-Hilaire-de-Riez;85 Vendée;Algues déshydratées,Algues transformées;Aoré;12 Chemin de la Petite Croix;85270;Saint-Hilaire-de-Riez;https://www.biocoopgraindesel.fr/;46.7136341;-1.9432727;open
Biocoop Les Herbiers;Magasin bio;Biocoop;5 Av. de la Tibourgere, 85500 Les Herbiers;85 Vendée;;;5 Avenue de la Tibourgere;85500;Les Herbiers;https://www.biocooplesherbiers.com/;46.8780626;-1.0206302;open
Biocoop Maraichine;Magasin bio;Biocoop;1 Rue de la Cailletière, 85300 Challans;85 Vendée;Algues déshydratées,Algues transformées;Aoré;1 Rue de la Cailletière;85300;Challans;https://www.biocoop-maraichine.fr/;46.8545831;-1.8701367;open
Biocoop Montaigu;Magasin bio;Biocoop;Zone Bellevue, 5 Rue Alfred Nobel, 85600 Boufféré;85 Vendée;Algues déshydratées,Algues transformées;Aoré;5 Rue Alfred Nobel;85600;Boufféré;https://www.biocoopmontaigu.com/;46.9691470;-1.3271827;open
L'Eau Vive Chasseneuil du Poitou;Magasin bio;L'Eau Vive;Centre commercial les Grands Philambins, 1 Av. des Grands Philambins, 86360 Chasseneuil-du-Poitou;86 Vienne;;;1 Avenue des Grands Philambins;86360;Chasseneuil-du-Poitou;https://www.eau-vive.com/;46.6499495;0.3569663;open
Biocoop Bioviveo Montgeron;Magasin bio;Biocoop;38 Av. Jean Jaurès, 91230 Montgeron;91 Essonne;;;38 Avenue Jean Jaurès;91230;Montgeron;https://www.biocoop.fr/ile-de-france/essonne/MONTGERON/BIOCOOP-BIOVIVEO-MONTGERON?srsltid=AfmBOortWOtx0nEy_YVmgyfxU7iRCzNhHQYrvvc88icYkPw-e23mWFOV;48.7182466;2.4446884;open
Biocoop Brétigny;Magasin bio;Biocoop;12 Rue du Poitou, 91220 Brétigny-sur-Orge;91 Essonne;;;12 Rue du Poitou;91220;Brétigny-sur-Orge;https://www.biocoopbretigny.fr/;48.5881827;2.2993154;open
Biocoop Montgeron;Magasin bio;Biocoop;38 Av. Jean Jaurès, 91230 Montgeron;91 Essonne;;;38 Avenue Jean Jaurès;91230;Montgeron;;48.7182466;2.4446884;closed
Biocoop Bioviveo Soisy-sur-Seine;Magasin bio;Biocoop;Centre commercial Les Meillottes, 1 Rue de la Forêt de Sénart, 91450 Soisy-sur-Seine;91 Essonne;;;1 Rue de la Forêt de Sénart;91450;Soisy-sur-Seine;https://www.biocoop.fr/ile-de-france/essonne/SOISY-SUR-SEINE/BIOCOOP-BIOVIVEO-SOISY-SUR-SEINE?srsltid=AfmBOop2J_JsTRIXGLMUbvaa2mdOdbEJLab4SibJQuDIUFBKgVGwJ32y;48.6509466;2.4577686;open
Biocoop Antony Centre Ville;Magasin bio;Biocoop;38 Av. de la Division Leclerc, 92160 Antony;92 Hauts-de-Seine;;;38 Avenue de la Division Leclerc;92160;Antony;https://antony.biocoop.net/;48.7510520;2.3043179;open
Biocoop Issy;Magasin bio;Biocoop;5bis Av. Victor Cresson, 92130 Issy-les-Moulineaux;92 Hauts-de-Seine;;;5 bis Avenue Victor Cresson;92130;Issy-les-Moulineaux;https://www.biocoopissy.fr/;48.8219143;2.2646544;open
Biocoop Le Point Du Jour;Magasin bio;Biocoop;107 ter Rue du Point du Jour, 92100 Boulogne-Billancourt;92 Hauts-de-Seine;;;107 ter Rue du Point du Jour;92100;Boulogne-Billancourt;https://www.biocooplepointdujour.fr/;48.8288503;2.2466087;open
Biocoop Châtenay Centre Ville;Magasin bio;Biocoop;100 Rue Jean Longuet, 92290 Châtenay-Malabry;92 Hauts-de-Seine;;;100 Rue Jean Longuet;92290;Châtenay-Malabry;https://www.biocoop-chatenay.com/;48.7706587;2.2805710;open
Biocoop Clamart Au Gré des Saisons;Magasin bio;Biocoop;47 Av. Jean Jaurès, 92140 Clamart;92 Hauts-de-Seine;;;47 Avenue Jean Jaurès;92140;Clamart;https://www.biocoopclamart.fr/;48.8035146;2.2655474;open
Biocoop Montrouge;Magasin bio;Biocoop;99 Rue Maurice Arnoux, 92120 Montrouge;92 Hauts-de-Seine;;;99 Rue Maurice Arnoux;92120;Montrouge;https://www.biocoop.fr/ile-de-france/hauts-de-seine/MONTROUGE/BIOCOOP-MONTROUGE?srsltid=AfmBOoroShM0Gwpmc2uHDQSSTsKLTxLl65k7Mahh1OQ_rZRvmkeCmfhq;48.8157165;2.3113415;open
Biocoop Nanterre Ville;Magasin bio;Biocoop;60 Rue Maurice Thorez, 92000 Nanterre;92 Hauts-de-Seine;;;60 Rue Maurice Thorez;92000;Nanterre;https://www.biocoop.fr/ile-de-france/hauts-de-seine/NANTERRE/BIOCOOP-NANTERRE-VILLE?srsltid=AfmBOooxmskbvWqEvFzeCgvPnPMvNiyNA_FA9NXlJoQY1ltTL6BeWQVu;48.8938852;2.1959093;open
Biocoop Place Du Marché;Magasin bio;Biocoop;30 Rue Gabriel Péri, 92300 Levallois-Perret;92 Hauts-de-Seine;;;30 Rue Gabriel Péri;92300;Levallois-Perret;https://www.biocoop.fr/ile-de-france/hauts-de-seine/LEVALLOIS-PERRET/BIOCOOP-PLACE-DU-MARCHE?srsltid=AfmBOoqylNtsUa7M2sgb93dC4qG7lcLRf9QRUrsxOgPwhNgOKwjwKMgu;48.8910409;2.2887761;open
La Vie Claire Levallois-Perret;Magasin bio;La Vie Claire;2 Rue Marcel Cerdan, 92300 Levallois-Perret;92 Hauts-de-Seine;;;2 Rue Marcel Cerdan;92300;Levallois-Perret;https://magasins.lavieclaire.com/lavieclaire/fr/store/france/ile-de-france/hauts-de-seine/levallois-perret/levallois-perret/19206;48.8956844;2.2764969;open
La Vie Claire Levallois Marjolin;Magasin bio;La Vie Claire;68 bis Rue Marjolin, 92300 Levallois-Perret;92 Hauts-de-Seine;;;68 bis Rue Marjolin;92300;Levallois-Perret;https://magasins.lavieclaire.com/lavieclaire/fr/store/france/ile-de-france/hauts-de-seine/levallois-perret/levallois-marjolin/19224;48.8984798;2.2898536;open
Queues de Cerises;Magasin bio;Biocoop;100 Ter Bd Gallieni, 92130 Issy-les-Moulineaux;92 Hauts-de-Seine;;;100 ter Boulevard Gallieni;92130;Issy-les-Moulineaux;https://www.queues-cerises.fr/;48.8240464;2.2677127;open
Biocoop Bas Canal;Magasin bio;Biocoop;209 Av. Jean Lolive, 93500 Pantin;93 Seine-Saint-Denis;;;209 Avenue Jean Lolive;93500;Pantin;https://www.biocoop.fr/ile-de-france/seine-saint-denis/PANTIN/BIOCOOP-BAS-CANAL?srsltid=AfmBOopXY22ndWEXSwJXEPA9pdNTRgMc2UgbwmRc9yu75G-d2KK9Q9hx;48.8945600;2.4196260;open
Biocoop Le Pré Verger;Magasin bio;Biocoop;559 Av. Roger Salengro, 92370 Chaville;93 Seine-Saint-Denis;;;559 Avenue Roger Salengro;92370;Chaville;https://www.biocoop-lepreverger.fr/;48.8186866;2.1979931;open
Biocoop Le Raincy;Magasin bio;Biocoop;7 Rdpt Thiers, 93340 Le Raincy;93 Seine-Saint-Denis;;;7 Rond Point Thiers;93340;Le Raincy;https://www.biocoop-leraincy.com/;48.8996530;2.5174760;open
Biocoop Un Ecrin Vert;Magasin bio;Biocoop;6 Pl. Jean Jaurès, 93100 Montreuil;93 Seine-Saint-Denis;;;6 Place Jean Jaurès;93100;Montreuil;https://www.biocoopmontreuil.fr/;48.8626009;2.4427114;open
Biocoop Polangis;Magasin bio;Biocoop;22 Av. du Général Gallieni, 94340 Joinville-le-Pont;94 Val-de-Marne;;;22 Avenue du Général Gallieni;94340;Joinville-le-Pont;https://www.biocoop.fr/ile-de-france/val-de-marne/JOINVILLE-LE-PONT/BIOCOOP-POLANGIS?srsltid=AfmBOoqxvT8VEIbr84iEbhURXQc51ttiVkHaRgTLsO3DtqzCuP3HSgDv;48.8198687;2.4761882;open
Biocoop Kremlin Bicêtre;Magasin bio;Biocoop;41 Av. de Fontainebleau, 94270 Le Kremlin-Bicêtre;94 Val-de-Marne;;;41 Avenue de Fontainebleau;94270;Le Kremlin-Bicêtre;https://www.biocoopkremlinbicetre.fr/;48.8133561;2.3615163;open
Biocoop De La Varenne;Magasin bio;Biocoop;26-30 bis Av. du Bac, 94100 Saint-Maur-des-Fossés;94 Val-de-Marne;;;26-30 bis Avenue du Bac;94100;Saint-Maur-des-Fossés;https://www.biocooplavarenne.com/;48.7966916;2.5056213;open
Biocoop Les Berges d'Alfort;Magasin bio;Biocoop;11 Rue Eugène Renault, 94700 Maisons-Alfort;94 Val-de-Marne;;;11 Rue Eugène Renault;94700;Maisons-Alfort;https://lesbergesdalfort.biocoop.net/;48.8150210;2.4192530;open
Biocoop Les Papillons;Magasin bio;Biocoop;131 Av. Pierre Brossolette, 94170 Le Perreux-sur-Marne;94 Val-de-Marne;;;131 Avenue Pierre Brossolette;94170;Le Perreux-sur-Marne;https://www.biocooplespapillons.com/;48.8351700;2.5067870;open
Biocoop Bio Rigollots;Magasin bio;Biocoop;140 Rue Defrance, 94300 Vincennes;94 Val-de-Marne;;;140 Rue Defrance;94300;Vincennes;https://www.biocoop-vincennes.fr/;48.8493274;2.4560206;open
Biocoop Sannois;Magasin bio;Biocoop;11 Rue d'Argenteuil, 95110 Sannois;95 Val-d'Oise;;;11 Rue d'Argenteuil;95110;Sannois;https://www.biocoopsannois.fr/;48.9646884;2.2573556;open
ECO-BIO St-Ouen-l'Aumône;Magasin bio;Biocoop;68 Chau. Jules César, 95310 Saint-Ouen-l'Aumône;95 Val-d'Oise;;;68 Chaussée Jules César;95310;Saint-Ouen-l'Aumône;http://www.eco-bio-coop.fr/;49.0362490;2.1154299;open
La Clef Des Champs;Magasin bio;;Rue du Vieux Platane, Zone de la Mude, 79000 Bessines;79 Deux-Sèvres;;;Rue du Vieux Platane;79000;Bessines;https://www.magasin-bio-dietetique-niort.fr/;46.3032853;-0.4874268;open
Biocoop Des 3 Provinces;Magasin bio;Biocoop;5 Rue des Malifestes, 44190 Clisson;44 Loire-Atlantique;;;5 Rue des Malifestes;44190;Clisson;https://clisson.biocoop.net/;47.0985832;-1.2813801;open